source,Accession#,ObjectType,Collector,collection_number,Genus,Epithet,Subspecies,sampleID,s170-p28,s170-p9,s47-p9,s170-p12,s170-p9,7AIH-h,s36-p9,s170-p5,reads_raw,reads_passed_filter,refseq_mapped_reads,refseq_unmapped_reads,clusters_total,clusters_hidepth,hetero_est,error_est,reads_consens,loci_in_assembly,split,s172_noadmix,s170_BPP,phyloID,oldfilename,s380,s384,geoID,spID,collectionCode,removed,Country,Primary_Division,Location,Elevation,Latitude,Longitude,Date Collected,Plate,Well
NHMO,O-DP-43200,DNA extract,Gerald M. Schneeweiß & Peter Schönswetter,,Dryas,octopetala,,octo_ODP43200,,,,,,,,,3055459,3043664,2488605,555059,44226,29028,0.004303,0.001686,27178,10052,eurasia,FALSE,FALSE,octo_ODP43200-IT.Abruzzo,43200_oct_IT,octo_ODP43200,octo_ODP43200,IT.Abruzzo,octo,ODP43200,,Italy,Abruzzo,"Abruzzo, Pescara, Majella, along the Rava Giumenta Bianca on the western slope of Mte. Amaro to its summit. 2500 - 2790 m.",,42.100278,14.059167,8/3/03,3,C3
NHMO,O-DP-43206,DNA extract,Gerald M. Schneeweiß & Peter Schönswetter,,Dryas,octopetala,,octo_ODP43206,,,,,,,,,4075566,4061225,3070299,990926,47890,32186,0.007344,0.001393,26322,9744,eurasia,FALSE,FALSE,octo_ODP43206-IT.Abruzzo,43206_oct_IT,octo_ODP43206,octo_ODP43206,IT.Abruzzo,octo,ODP43206,,Italy,Abruzzo,"Abruzzo, Pescara, Majella, along the Rava Giumenta Bianca on the western slope of Mte. Amaro to its summit. 2500 - 2790 m.",,42.100278,14.059167,8/3/03,1,E06
BABY,F,sheet,B.A. Bennett et al.,17-0050,Dryas,ajanensis,,drum_BABY55,,,,,,,,,3271978,3260034,2403876,856158,44488,29219,0.006535,0.001612,26829,9532,NA,FALSE,FALSE,drum_BABY55-CA.YT.Aishihik,BB55_aja_CA-YT,drum_BABY55,drum_BABY55,CA.YT.Aishihik,ajan,BABY55,,Canada,Yukon Territory,"Aishihik Road, km 18",744,61.003907,-137.041936,22-May-17,3,B7
NHMO,O-DP-7406,Tissue,Reidar Elven/Tove M Gabrielsen/Marte H Jørgensen,,Dryas,ajanensis,beringensis,ajan_ODP7406,,,,,,,,,4128733,4118810,2659319,1459491,47170,30493,0.008634,0.001502,24682,8724,NA,FALSE,FALSE,ajan_ODP7406-US.AK.Chugach1,7406_aja_US-AK,ajan_ODP7406,ajan_ODP7406,US.AK.Chugach1,ajan,ODP7406,,United States of America,Alaska,"Alaska, Anchorage Area, Chugach Mts, Arctic Valley, Mt (ski area) N of valley (Mt Gordon Lyon?).",,61.246667,-149.535278,7/4/02,1,A02
NHMO,O-DP-7407,Tissue,Reidar Elven/Tove M Gabrielsen/Marte H Jørgensen,,Dryas,ajanensis,beringensis,ajan_ODP7407,,,,,,,,,4103812,4094957,3020936,1074021,45438,31468,0.008904,0.001389,25301,9021,NA,FALSE,FALSE,ajan_ODP7407-US.AK.Chugach1,7407_aja_US-AK,ajan_ODP7407,ajan_ODP7407,US.AK.Chugach1,ajan,ODP7407,,United States of America,Alaska,"Alaska, Anchorage Area, Chugach Mts, Arctic Valley, Mt (ski area) N of valley (Mt Gordon Lyon?).",,61.246667,-149.535278,7/4/02,1,B02
NHMO,O-DP-49343,Tissue,A.L.S.Gustafsson,,Dryas,ajanensis,beringensis,ajan_ODP49343,,,,,,,,,2850173,2842463,2163673,678790,45078,28988,0.006874,0.001909,26526,9544,NA,FALSE,FALSE,ajan_ODP49343-US.AK.Brooks,49343_aja_US-AK,ajan_ODP49343,ajan_ODP49343,US.AK.Brooks,ajan,ODP49343,,United States of America,Alaska,"Alaska, Brooks Range, Just near the Galbraith Lake Campground.Just across the campground on the other side of the river. On a North-Northeast, wet, exposed slope. Other species present: Dryas integrifolia, Boykinia, Salix reticulata, Equisetum arvense, Ar. 2762 ft.",,68.451417,-149.474433,7/20/09,3,G3
NHMO,O-DP-8646,Tissue,G. Mansion & Alessia Guggisberg,,Dryas,sp,,sp_ODP8646,,,,,,,,,2696734,2689597,1937799,751798,45902,29460,0.006652,0.001925,26841,9675,NA,FALSE,FALSE,sp_ODP8646-US.AK.Brooks,8646_sp_US-AK,sp_ODP8646,sp_ODP8646,US.AK.Brooks,sp,ODP8646,,United States of America,Alaska,"Alaska, Brooks Range, south of Attigun Pass, Panel 173 before Deadhouse, along Dalton hgw. 990 m.",,68.082667,-149.564361,7/10/03,3,B2
NHMO,O-DP-8648,Tissue,G. Mansion & Alessia Guggisberg,,Dryas,sp,,sp_ODP8648,,,,,,,,,3325843,3309392,2372782,936610,46504,31176,0.007545,0.00166,28487,10499,NA,FALSE,FALSE,sp_ODP8648-US.AK.Brooks,8648_sp_US-AK,sp_ODP8648,sp_ODP8648,US.AK.Brooks,sp,ODP8648,,United States of America,Alaska,"Alaska, Brooks Range, south of Attigun Pass, Panel 173 before Deadhouse, along Dalton hgw. 990 m.",,68.082667,-149.564361,7/10/03,3,C2
NHMO,O-DP-7486,Tissue,Reidar Elven/Tove M Gabrielsen/Marte H Jørgensen,,Dryas,drummondii,,drum_ODP7486,drum,1D,drum,drum,drum,1D,drum,drum,3004792,2992758,2327848,664910,40340,28491,0.002322,0.001609,26773,10511,drummondii,TRUE,TRUE,drum_ODP7486-US.AK.Chugach2,7486_dru_US-AK,drum_ODP7486,drum_ODP7486,US.AK.Chugach2,drum,ODP7486,,United States of America,Alaska,"Alaska, Copper River, Chugach Mts, Tsina River S of Steward Creek.",,61.25,-145.333333,7/6/02,2,H2
NHMO,O-DP-7487,Tissue,Reidar Elven/Tove M Gabrielsen/Marte H Jørgensen,,Dryas,drummondii,,drum_ODP7487,drum,1D,,drum,drum,,,drum,2065193,2059854,1665675,394179,38912,25970,0.002046,0.001788,24416,9439,drummondii,TRUE,TRUE,drum_ODP7487-US.AK.Chugach2,7487_dru_US-AK,drum_ODP7487,drum_ODP7487,US.AK.Chugach2,drum,ODP7487,,United States of America,Alaska,"Alaska, Copper River, Chugach Mts, Tsina River S of Steward Creek.",,61.25,-145.333333,7/6/02,2,A3
NHMO,O-DP-7542,Tissue,H.Solstad,,Dryas,integrifolia,,intg_ODP7542,intg_Nslope,7AIH-iglak,AIH,intg_nGL_Nslope,AIH,7AIH-iglak,AIH,AIH,2631494,2623205,1984789,638416,44579,29832,0.006516,0.00167,26974,9872,NA,TRUE,TRUE,intg_ODP7542-US.AK.Nslope,7542_int_US-AK,intg_ODP7542,intg_ODP7542,US.AK.Nslope,intg,ODP7542,,United States of America,Alaska,"Alaska, N Slope: Meade River, Atqasuk.",,70.466667,-157.416667,8/23/05,2,B5
NHMO,O-DP-7544,Tissue,H.Solstad,,Dryas,integrifolia,,intg_ODP7544,intg_Nslope,7AIH-iglak,,intg_nGL_Nslope,AIH,,,AIH,2480619,2474080,1882756,591324,44230,28687,0.006295,0.00171,25920,9368,NA,TRUE,TRUE,intg_ODP7544-US.AK.Nslope,7544_int_US-AK,intg_ODP7544,intg_ODP7544,US.AK.Nslope,intg,ODP7544,,United States of America,Alaska,"Alaska, N Slope: Meade River, Atqasuk.",,70.466667,-157.416667,8/23/05,2,C5
NHMO,O-DP-48916,Tissue,A.L.S.Gustafsson,,Dryas,ajanensis,beringensis,ajan_ODP48916,ajan_Seward,7AIH-ajs,,ajas_alan,AIH,,,AIH,2763547,2752886,2065552,687334,45650,29479,0.006562,0.001715,27046,9719,NA,TRUE,TRUE,ajan_ODP48916-US.AK.Seward.Nome,48916_aja_US-AK,ajan_ODP48916,ajan_ODP48916,US.AK.Seward.Nome,ajan,ODP48916,,United States of America,Alaska,"Alaska, Nome, Salmon Lake Campground. East facing slope with gravel and sand. Other species present: Empetrum, Dryas, Salix sp., Betula nana. 543 ft.",,64.917917,-164.9616,7/14/09,3,F3
NHMO,O-DP-7419,Tissue,H.Solstad,,Dryas,ajanensis cf.,,ajancf_ODP7419,,,,,,,,,2689211,2677548,1860251,817297,43772,27664,0.006115,0.001618,25169,8887,NA,FALSE,FALSE,ajancf_ODP7419-US.AK.Anchorage,7419_ala_US-AK,ajancf_ODP7419,ajancf_ODP7419,US.AK.Anchorage,ajancf,ODP7419,,United States of America,Alaska,"Alaska, S Alaska: Anchorage area: McHugh Creek Trail, Mt W of Rabbit Lake.",,61.036161,-149.613094,9/2/05,2,C1
NHMO,O-DP-7522,Tissue,H.Solstad,,Dryas,incisa,,inci_ODP7522,,,,,,,,,2695578,2685225,2051238,633987,43724,28908,0.006204,0.001663,26397,9507,NA,FALSE,FALSE,inci_ODP7522-US.AK.Anchorage,7522_inc_US-AK,inci_ODP7522,inci_ODP7522,US.AK.Anchorage,inci,ODP7522,,United States of America,Alaska,"Alaska, S Alaska: Anchorage area: McHugh Creek Trail, Mt W of Rabbit Lake.",,61.036161,-149.613094,9/2/05,2,B4
NHMO,O-DP-7523,Tissue,H.Solstad,,Dryas,incisa,,inci_ODP7523,,,,,,,,,2526410,2514766,1844172,670594,45955,29811,0.006798,0.001699,26968,9602,NA,FALSE,FALSE,inci_ODP7523-US.AK.Anchorage,7523_inc_US-AK,inci_ODP7523,inci_ODP7523,US.AK.Anchorage,inci,ODP7523,,United States of America,Alaska,"Alaska, S Alaska: Anchorage area: McHugh Creek Trail, Mt W of Rabbit Lake.",,61.036161,-149.613094,9/2/05,2,C4
NHMO,O-DP-7638,Tissue,Reidar Elven/Tove M Gabrielsen/Marte H Jørgensen,,Dryas,integrifolia,,intg_ODP7638,,,,,,,,,2351296,2343731,1787362,556369,44276,28996,0.007006,0.001854,26212,9254,NA,FALSE,FALSE,intg_ODP7638-US.AK.Seward.KigluaikMts,7638_int_US-AK,intg_ODP7638,intg_ODP7638,US.AK.Seward.KigluaikMts,intg,ODP7638,,United States of America,Alaska,"Alaska, Seward Peninsula, Kigluaik Mts, Mt E of Shaw Creek.",,64.916667,-164.966667,7/9/02,2,C7
NHMO,O-DP-7640,Tissue,Reidar Elven/Tove M Gabrielsen/Marte H Jørgensen,,Dryas,integrifolia,,intg_ODP7640,,,,,,,,,2324534,2314573,1752240,562333,43562,27524,0.006542,0.001672,24891,8777,NA,FALSE,FALSE,intg_ODP7640-US.AK.Seward.KigluaikMts,7640_int_US-AK,intg_ODP7640,intg_ODP7640,US.AK.Seward.KigluaikMts,intg,ODP7640,,United States of America,Alaska,"Alaska, Seward Peninsula, Kigluaik Mts, Mt E of Shaw Creek.",,64.916667,-164.966667,7/9/02,2,D7
NHMO,O-DP-7429,Tissue,Reidar Elven/Tove M Gabrielsen/Marte H Jørgensen,,Dryas,alaskensis,,alas_ODP7429,alas_Seward,7AIH-als,AIH,ajas_alan,AIH,7AIH-als,AIH,AIH,2410659,2401655,1666901,734754,47267,30067,0.007035,0.001707,27009,9831,NA,TRUE,TRUE,alas_ODP7429-US.AK.Seward.KigluaikMts,7429_ala_US-AK,alas_ODP7429,alas_ODP7429,US.AK.Seward.KigluaikMts,alas,ODP7429,,United States of America,Alaska,"Alaska, Seward Peninsula, Kigluaik Mts, Mt W of Shaw Creek.",,64.933333,-164.998333,7/9/02,2,E1
NHMO,O-DP-7432,Tissue,Reidar Elven/Tove M Gabrielsen/Marte H Jørgensen,,Dryas,alaskensis,,alas_ODP7432,alas_Seward,7AIH-als,,ajas_alan,AIH,,,AIH,2277057,2271288,1687364,583924,44289,29034,0.006587,0.001789,26093,9323,NA,TRUE,TRUE,alas_ODP7432-US.AK.Seward.KigluaikMts,7432_ala_US-AK,alas_ODP7432,alas_ODP7432,US.AK.Seward.KigluaikMts,alas,ODP7432,,United States of America,Alaska,"Alaska, Seward Peninsula, Kigluaik Mts, Mt W of Shaw Creek.",,64.933333,-164.998333,7/9/02,2,F1
NHMO,O-DP-7424,Tissue,Reidar Elven/Tove M Gabrielsen/Marte H Jørgensen,,Dryas,alaskensis,,alas_ODP7424,alas_Seward,7AIH-als,,ajas_alan,AIH,,,AIH,2378599,2371586,1822560,549026,43549,27931,0.006655,0.001813,25389,8940,NA,TRUE,TRUE,alas_ODP7424-US.AK.Seward.SolomonRiv,7424_ala_US-AK,alas_ODP7424,alas_ODP7424,US.AK.Seward.SolomonRiv,alas,ODP7424,,United States of America,Alaska,"Alaska, Seward Peninsula, Lower Solomon River, along Council Road S of East Fork.",,64.678333,-164.295278,7/8/02,2,D1
NHMO,O-DP-7414,Tissue,C.L.Parker & H.Solstad,,Dryas,alaskensis,,alas_ODP7414,alas_Seward,7AIH-als,,ajas_alan,AIH,,,AIH,1944045,1939297,1463304,475993,44067,27640,0.006616,0.001923,24637,8846,NA,TRUE,TRUE,alas_ODP7414-US.AK.Seward.Hwy40,7414_ala_US-AK,alas_ODP7414,alas_ODP7414,US.AK.Seward.Hwy40,alas,ODP7414,,United States of America,Alaska,"Alaska, Seward Peninsula: Council Hwy, mile 40-41.",,64.648333,-164.346667,8/27/05,2,A1
NHMO,O-DP-7415,Tissue,C.L.Parker & H.Solstad,,Dryas,alaskensis,,alas_ODP7415,alas_Seward,7AIH-als,,ajas_alan,AIH,,,AIH,2155494,2149835,1622685,527150,43776,27857,0.0064,0.001801,25183,8846,NA,TRUE,TRUE,alas_ODP7415-US.AK.Seward.Hwy40,7415_ala_US-AK,alas_ODP7415,alas_ODP7415,US.AK.Seward.Hwy40,alas,ODP7415,,United States of America,Alaska,"Alaska, Seward Peninsula: Council Hwy, mile 40-41.",,64.648333,-164.346667,8/27/05,2,B1
NHMO,O-DP-7394,Tissue,C.L.Parker & H.Solstad,,Dryas,ajanensis,beringensis,ajan_ODP7394,,,,,,,,,4136653,4125773,3159802,965971,48809,33240,0.009483,0.00164,27007,9966,NA,FALSE,FALSE,ajan_ODP7394-US.AK.Seward.Hwy40,7394_aja_US-AK,ajan_ODP7394,ajan_ODP7394,US.AK.Seward.Hwy40,ajan,ODP7394,,United States of America,Alaska,"Alaska, Seward Peninsula: Council Hwy, mile 40-41.",,64.648333,-164.346667,8/27/05,1,G01
NHMO,O-DP-7396,Tissue,C.L.Parker & H.Solstad,,Dryas,ajanensis,beringensis,ajan_ODP7396,,,,,,,,,4433589,4421455,3342976,1078479,48725,33566,0.00899,0.001673,27545,10138,NA,FALSE,FALSE,ajan_ODP7396-US.AK.Seward.Hwy40,7396_aja_US-AK,ajan_ODP7396,ajan_ODP7396,US.AK.Seward.Hwy40,ajan,ODP7396,,United States of America,Alaska,"Alaska, Seward Peninsula: Council Hwy, mile 40-41.",,64.648333,-164.346667,8/27/05,1,H01
NHMO,O-DP-7518,Tissue,C.L.Parker & H.Solstad,,Dryas,incisa,,inci_ODP7518,,,,,,,,,3002669,2988610,2289519,699091,45803,30637,0.007394,0.00169,27809,10118,NA,FALSE,FALSE,inci_ODP7518-US.AK.Seward.Hwy40,7518_inc_US-AK,inci_ODP7518,inci_ODP7518,US.AK.Seward.Hwy40,inci,ODP7518,,United States of America,Alaska,"Alaska, Seward Peninsula: Council Hwy, mile 40-41.",,64.648333,-164.346667,8/27/05,2,H3
NHMO,O-DP-7519,Tissue,C.L.Parker & H.Solstad,,Dryas,incisa,,inci_ODP7519,,,,,,,,,2611196,2600017,1972824,627193,45804,29796,0.007258,0.001698,27108,10109,NA,FALSE,FALSE,inci_ODP7519-US.AK.Seward.Hwy40,7519_inc_US-AK,inci_ODP7519,inci_ODP7519,US.AK.Seward.Hwy40,inci,ODP7519,,United States of America,Alaska,"Alaska, Seward Peninsula: Council Hwy, mile 40-41.",,64.648333,-164.346667,8/27/05,2,A4
NHMO,O-DP-7546,Tissue,C.L.Parker & H.Solstad,,Dryas,integrifolia,,intg_ODP7546,,,,,,,,,2633008,2622868,2048395,574473,44193,28396,0.00665,0.001685,25936,9389,NA,FALSE,FALSE,intg_ODP7546-US.AK.Seward.Hwy40,7546_int_US-AK,intg_ODP7546,intg_ODP7546,US.AK.Seward.Hwy40,intg,ODP7546,,United States of America,Alaska,"Alaska, Seward Peninsula: Council Hwy, mile 40-41.",,64.648333,-164.346667,8/27/05,2,D5
F,F,Tissue,D.M. White,847,Cercocarpus,montanus,,Cermon_DW847,,,,,,,,,8485347,8122863,5265732,2857131,38309,26416,0.005486,0.001144,23878,8086,outgroup,FALSE,FALSE,Cermon_DW847-US.NM,cermon_CM1a,,Cermon_DW847,US.NM,Cermon,DW847,,United States of America,New Mexico,Albuquerque. Cultivated on private property.,1618,35.1535,-106.63875,2022,4,
F,F,Tissue,D.M. White,848,Purshia,stansburyana,,Pursta_DW848,,,,,,,,,7497858,7423959,5473248,1950711,38635,26363,0.004594,0.001215,24250,8518,outgroup,FALSE,FALSE,Pursta_DW848-US.NM,persta_PS1,,Pursta_DW848,US.NM,Pursta,DW848,,United States of America,New Mexico,Albuquerque. Cultivated on private property.,1618,35.1535,-106.63875,2022,4,
F,F,Tissue,D.M. White,846,Purshia,tridentata,,Purtri_DW846a,,,,,,,,,,,,,,,,,,,,FALSE,FALSE,,pertri_PT1a,,,US.NM,Purtri,DW846,duplicate,United States of America,New Mexico,Albuquerque. Cultivated on private property.,1618,35.1535,-106.63875,2022,4,
F,F,Tissue,D.M. White,846,Purshia,tridentata,,Purtri_DW846b,,,,,,,,,6792359,6674013,4521789,2152224,36313,25902,0.004288,0.001106,23622,8457,outgroup,FALSE,FALSE,Purtri_DW846b-US.NM,pertri_PT1b,,Purtri_DW846b,US.NM,Purtri,DW846,,United States of America,New Mexico,Albuquerque. Cultivated on private property.,1618,35.1535,-106.63875,2022,4,
KRAM,KRAM,DNA extract,M. Ronikier,,Dryas,octopetala,,octo_IZO01,octo_FrAlps,5O1,,octo_EU,octo_EU,,,Octo,7821157,7713445,5909104,1804341,49106,33259,0.004171,0.001284,31238,12014,eurasia,TRUE,TRUE,octo_IZO01-FR.HautesAlps,Doc_IZO_01,octo_IZO01,octo_IZO01,FR.HautesAlps,octo,IZO_01,,France,W Alps,"Alps, Col d'Izoard, S side",,44.8081,6.7372,,4,H9
KRAM,KRAM,DNA extract,M. Ronikier,,Dryas,octopetala,,octo_IZO02,octo_FrAlps,5O1,,octo_EU,octo_EU,,,Octo,5001194,4936782,3759462,1177320,45636,29358,0.004024,0.001547,27384,9907,eurasia,TRUE,TRUE,octo_IZO02-FR.HautesAlps,Doc_IZO_02,octo_IZO02,octo_IZO02,FR.HautesAlps,octo,IZO_02,,France,W Alps,"Alps, Col d'Izoard, S side",,44.8081,6.7372,,4,A10
KRAM,KRAM,DNA extract,M. Ronikier,,Dryas,octopetala,,octo_IZO03,octo_FrAlps,5O1,,octo_EU,octo_EU,,,Octo,4997028,4946164,3748004,1198160,45723,30738,0.004411,0.001389,28653,11042,eurasia,TRUE,TRUE,octo_IZO03-FR.HautesAlps,Doc_IZO_03,octo_IZO03,octo_IZO03,FR.HautesAlps,octo,IZO_03,,France,W Alps,"Alps, Col d'Izoard, S side",,44.8081,6.7372,,4,B10
BABY,F,sheet,B.A. Bennett et al.,17-0063,Dryas,drummondii,,drum_BABY58,,,,,,,,,,,,,,,,,,,,FALSE,FALSE,,REMOVED,,,CA.YT.Alsek,drum,BABY58,failedseq,Canada,Yukon Territory,Alsek Far Meadow,618,60.780572,-137.67993,7-Jun-17,3,E7
NHMO,O-DP-43147,DNA extract,Andreas Tribsch,,Dryas,oxydonta,,oxyd_ODP43147,oxyd_Altai,3Ox,oxyd,oxyd,oxyd,3Ox,,Oxyd,4267927,4257053,3038270,1218783,46245,32088,0.006688,0.001392,26554,9790,eurasia,TRUE,TRUE,oxyd_ODP43147-RU.AltaiRep,43147_oxy_RU-AL,oxyd_ODP43147,oxyd_ODP43147,RU.AltaiRep,oxyd,ODP43147,,Russian Federation,Altai Republic,"Altai, near the abandoned mining area near Aktash, south of *2951, c. 8,5 km E Aktash. 2500 - 2950 m.",,50.330556,87.736111,7/27/03,1,E10
NHMO,O-DP-43154,DNA extract,Andreas Tribsch,,Dryas,oxydonta,,oxyd_ODP43154,oxyd_Altai,3Ox,oxyd,oxyd,oxyd,3Ox,oxyd,Oxyd,4526790,4513479,3274206,1239273,46895,32957,0.007588,0.001287,27403,10392,eurasia,TRUE,TRUE,oxyd_ODP43154-RU.AltaiRep,43154_oxy_RU-AL,oxyd_ODP43154,oxyd_ODP43154,RU.AltaiRep,oxyd,ODP43154,,Russian Federation,Altai Republic,"Altai, near the abandoned mining area near Aktash, south of *2951, c. 8,5 km E Aktash. 2500 - 2950 m.",,50.330556,87.736111,7/27/03,1,B06
NHMO,O-DP-43145,DNA extract,Andreas Tribsch,,Dryas,oxydonta,,oxyd_ODP43145,oxyd_Altai,3Ox,,oxyd,oxyd,,,Oxyd,3991559,3981940,2952833,1029107,44802,30901,0.006842,0.001484,24881,8891,eurasia,TRUE,TRUE,oxyd_ODP43145-RU.AltaiRep,43145_oxy_RU-AL,oxyd_ODP43145,oxyd_ODP43145,RU.AltaiRep,oxyd,ODP43145,,Russian Federation,Altai Republic,"Altai, near the abandoned mining area near Aktash, south of *2951, c. 8,5 km E Aktash. 2500 - 2950 m.",,50.330556,87.736111,7/27/03,,
NHMO,O-DP-43150,DNA extract,Andreas Tribsch,,Dryas,oxydonta,,oxyd_ODP43150,oxyd_Altai,3Ox,,oxyd,oxyd,,,Oxyd,3702779,3695955,2815415,880540,44197,30963,0.006914,0.001442,25018,9066,eurasia,TRUE,TRUE,oxyd_ODP43150-RU.AltaiRep,43150_oxy_RU-AL,oxyd_ODP43150,oxyd_ODP43150,RU.AltaiRep,oxyd,ODP43150,,Russian Federation,Altai Republic,"Altai, near the abandoned mining area near Aktash, south of *2951, c. 8,5 km E Aktash. 2500 - 2950 m.",,50.330556,87.736111,7/27/03,1,A06
NHMO,O-DP-8546,DNA extract,Andreas Tribsch,,Dryas,oxydonta,,oxyd_ODP8546,oxyd_Altai,3Ox,,oxyd,oxyd,,,Oxyd,4924505,4881716,2478912,2402804,58873,29990,0.006837,0.001459,23771,8412,eurasia,TRUE,TRUE,oxyd_ODP8546-RU.AltaiRep,8546_oxy_RU-AL,oxyd_ODP8546,oxyd_ODP8546,RU.AltaiRep,oxyd,ODP8546,,Russian Federation,Altai Republic,"Altai, near the abandoned mining area near Aktash, south of *2951, c. 8,5 km E Aktash. 2500 - 2950 m.",,50.330556,87.736111,7/27/03,1,G05
BABY,BABY-08318,sheet,B.A. Bennett et al.,12-0610,Dryas,hookeriana cf.,,hookcf_BABY8318,,,,,,,,,3304585,3291157,2443474,847683,44748,29627,0.006187,0.001644,27329,9555,NA,FALSE,FALSE,hookcf_BABY8318-CA.YT.AnnieLake,BB8318_hoo_CA-YT,hookcf_BABY8318,hookcf_BABY8318,CA.YT.AnnieLake,hookcf,BABY8318,,Canada,Yukon Territory,"Annie Lake Road, Burr Creek",1365,60.24374,-135.33467,6-Sep-12,3,C9
BABY,BABY-04577,sheet,B.A. Bennett et al.,04-1144,Dryas,alaskensis,,alas_BABY4577,alas_Interior,7AIH-ali,,ajas_alan,AIH,,,AIH,3060750,3046524,2251408,795116,45257,29503,0.00631,0.00174,27274,9529,NA,TRUE,TRUE,alas_BABY4577-CA.YT.Kluane,BB4577_hoo_CA-YT,alas_BABY4577,alas_BABY4577,CA.YT.Kluane,alas,BABY4577,,Canada,Yukon Territory,"Asi Keyi SMA, Kluane Range, Mountain NW of Sergerent Creek",2186,61.70903,-140.32258,26-Jul-04,3,F6
BABY,BABY-05951,sheet,B.A. Bennett et al.,97-0077,Dryas,ajanensis,beringensis,ajan_BABY5951,,,,,,,,,4215929,4148272,2057115,2091157,55339,27734,0.005766,0.001543,25809,9230,NA,FALSE,FALSE,ajan_BABY5951-CA.BC.VaughanMt,BB5951_aja_CA-BC,ajan_BABY5951,ajan_BABY5951,CA.BC.VaughanMt,ajan,BABY5951,,Canada,British Columbia,"Atlin Road, Mount Vaughan, Ruffner Mine,",1500,59.71667,-133.5,16-Jun-96,3,G7
KRAM,KRAM,DNA extract,M. Ronikier,,Dryas,hookeriana,,hook_BTH01,,,,,,,,,9114149,9003406,6703710,2299696,46678,33671,0.005507,0.001072,31505,12179,NA,FALSE,FALSE,hook_BTH01-US.WY.Beartooth,Doc_BTH_01,hook_BTH01,hook_BTH01,US.WY.Beartooth,hook,BTH_01,,United States of America,Wyoming,"Beartooth-Absaroka range, Beartooth Plateau, upper part of Wyoming Creek valley (Highline Trailhead)",3050,45.0008,-109.401,05.08.2008,4,B6
KRAM,KRAM,DNA extract,M. Ronikier,,Dryas,hookeriana,,hook_BTH02,,,,,,,,,,,,,,,,,,,,FALSE,FALSE,,Doc_BTH_02,,,US.WY.Beartooth,hook,BTH_02,clone of BTH_01,United States of America,Wyoming,"Beartooth-Absaroka range, Beartooth Plateau, upper part of Wyoming Creek valley (Highline Trailhead)",3050,45.0008,-109.401,05.08.2008,4,C6
KRAM,KRAM,DNA extract,M. Ronikier,,Dryas,hookeriana,,hook_BTH03,,,,,,,,,8291589,8072210,5106954,2965256,53014,33006,0.004773,0.001208,30385,12162,NA,FALSE,FALSE,hook_BTH03-US.WY.Beartooth,Doc_BTH_03,hook_BTH03,hook_BTH03,US.WY.Beartooth,hook,BTH_03,,United States of America,Wyoming,"Beartooth-Absaroka range, Beartooth Plateau, upper part of Wyoming Creek valley (Highline Trailhead)",3050,45.0008,-109.401,05.08.2008,4,D6
KRAM,KRAM,DNA extract,M. Ronikier,,Dryas,octopetala,,octo_JAT01,octo_wCarp,6O2carp,,octo_Carp_MK,octo_Carp_MK,,,Octo,9361654,9245738,6512889,2732849,48962,34641,0.005389,0.001006,32361,12409,eurasia,TRUE,TRUE,octo_JAT01-SK.BelanskeTatry,Doc_JAT_01,octo_JAT01,octo_JAT01,SK.BelanskeTatry,octo,JAT_01,,Slovakia,Western Carpathians,"Belanské Tatry, Jatky",1900,49.2367,20.2564,15.09.2009,4,A2
KRAM,KRAM,DNA extract,M. Ronikier,,Dryas,octopetala,,octo_JAT08,octo_wCarp,6O2carp,,octo_Carp_MK,octo_Carp_MK,,,Octo,8460928,8359185,6188947,2170238,50307,34317,0.00516,0.001139,32184,12308,eurasia,TRUE,TRUE,octo_JAT08-SK.BelanskeTatry,Doc_JAT_08,octo_JAT08,octo_JAT08,SK.BelanskeTatry,octo,JAT_08,,Slovakia,Western Carpathians,"Belanské Tatry, Jatky",1900,49.2367,20.2564,15.09.2009,4,B2
KRAM,KRAM,DNA extract,M. Ronikier,,Dryas,octopetala cf.,,octocf_VAR01,,,,,,,,,5730789,5566312,2589528,2976784,61219,28385,0.005509,0.001618,25530,9197,eurasia,FALSE,FALSE,octocf_VAR01-NO.Varanger,Doc_VAR_01,octocf_VAR01,octocf_VAR01,NO.Varanger,octocf,VAR_01,,Norway,Varanger,Between Kiberg and Vardo,,70.3,31.01,29.08.2012,4,C10
KRAM,KRAM,DNA extract,M. Ronikier,,Dryas,octopetala cf.,,octocf_VAR02,,,,,,,,,6351391,6218751,4157723,2061028,52116,32208,0.005591,0.001643,29760,10999,eurasia,FALSE,FALSE,octocf_VAR02-NO.Varanger,Doc_VAR_02,octocf_VAR02,octocf_VAR02,NO.Varanger,octocf,VAR_02,,Norway,Varanger,Between Kiberg and Vardo,,70.3,31.01,29.08.2012,4,D10
KRAM,KRAM,DNA extract,M. Ronikier,,Dryas,octopetala cf.,,octocf_VAR03,,,,,,,,,9470917,9315661,6686918,2628743,52084,33626,0.005929,0.001139,31541,11857,eurasia,FALSE,FALSE,octocf_VAR03-NO.Varanger,Doc_VAR_03,octocf_VAR03,octocf_VAR03,NO.Varanger,octocf,VAR_03,,Norway,Varanger,Between Kiberg and Vardo,,70.3,31.01,29.08.2012,4,E10
F,F,Tissue,D.M. White,683,Dryas,hookeriana,,hook_DW683,hook_CO,7AIH-hCO,AIH,hook,AIH,7AIH-h,,AIH,3355559,3340529,2491139,849390,44610,29828,0.005211,0.001665,27572,9938,NA,TRUE,TRUE,hook_DW683-US.CO.BoulderCo,DW683_hoo_US-CO,hook_DW683,hook_DW683,US.CO.BoulderCo,hook,DW683,,United States of America,Colorado,Boulder County. Arapahoe & Roosevelt National Forest. Above treeline on Niwot Ridge Trail from Brainard Lakes Recreation Area. N facing slope.,"3,419",40.0649335,-105.583441,"Aug. 14, 2025",3,G9
F,F,Tissue,D.M. White,684,Dryas,hookeriana,,hook_DW684,hook_CO,7AIH-hCO,,hook,AIH,,,AIH,1578029,1573448,1148038,425410,40016,24694,0.004803,0.003127,22084,8466,NA,TRUE,TRUE,hook_DW684-US.CO.BoulderCo,DW684_hoo_US-CO,hook_DW684,hook_DW684,US.CO.BoulderCo,hook,DW684,,United States of America,Colorado,Boulder County. Arapahoe & Roosevelt National Forest. Above treeline on Niwot Ridge Trail from Brainard Lakes Recreation Area. N facing slope.,"3,434",40.063668,-105.584011,"Aug. 14, 2026",3,H9
F,F,Tissue,D.M. White,679,Dryas,hookeriana,,hook_DW679,,,,,,,,,3813006,3792539,2712664,1079875,46006,30129,0.005634,0.001483,27878,10169,NA,FALSE,FALSE,hook_DW679-US.CO.BoulderCo,DW679_hoo_US-CO,hook_DW679,hook_DW679,US.CO.BoulderCo,hook,DW679,,United States of America,Colorado,Boulder County. Arapahoe & Roosevelt National Forest. Above treeline on Niwot Ridge Trail from Brainard Lakes Recreation Area. N facing slope.,"3,419",40.0649335,-105.583441,"Aug. 14, 2021",3,F9
F,F,Tissue,D.M. White,685,Dryas,hookeriana,,hook_DW685,,,,,,,,,2879914,2869343,2188880,680463,44394,28776,0.005058,0.001805,26792,9884,NA,FALSE,FALSE,hook_DW685-US.CO.BoulderCo,DW685_hoo_US-CO,hook_DW685,hook_DW685,US.CO.BoulderCo,hook,DW685,,United States of America,Colorado,Boulder County. Arapahoe & Roosevelt National Forest. Above treeline on Niwot Ridge Trail from Brainard Lakes Recreation Area. NW facing slope.,"3,434",40.063668,-105.584011,"Aug. 14, 2027",3,A10
NHMO,O-DP-8472,Tissue,Ken Marr & Richard H. Hebda,,Dryas,ajanensis,beringensis,ajan_ODP8472,,,,,,,,,2408666,2399523,1571558,827965,46696,28205,0.006734,0.001749,25276,9000,NA,FALSE,FALSE,ajan_ODP8472-CA.BC.Atlin,8472_aja_CA-BC,ajan_ODP8472,ajan_ODP8472,CA.BC.Atlin,ajan,ODP8472,,Canada,British Colombia,"British Columbia, Atlin, Ruby Mtn. 1429 m.",,59.703067,-133.360158,7/7/04,2,G11
NHMO,O-DP-8449,Tissue,Ken Marr & Richard H. Hebda,,Dryas,ajanensis,beringensis,ajan_ODP8449,,,,,,,,,2157296,2150333,1561230,589103,43945,27555,0.006644,0.001843,24867,8744,NA,FALSE,FALSE,ajan_ODP8449-CA.BC.Horseranch,8449_aja_CA-BC,ajan_ODP8449,ajan_ODP8449,CA.BC.Horseranch,ajan,ODP8449,,Canada,British Colombia,"British Columbia, Horseranch Range. 1610 m.",,59.465,-128.933611,8/6/04,2,D11
NHMO,O-DP-8501,Tissue,Ken Marr & Richard H. Hebda,,Dryas,ajanensis,beringensis,ajan_ODP8501,,,,,,,,,2280343,2273614,1675982,597632,44570,28035,0.006223,0.001805,25181,8949,NA,FALSE,FALSE,ajan_ODP8501-CA.BC.Meszah,8501_aja_CA-BC,ajan_ODP8501,ajan_ODP8501,CA.BC.Meszah,ajan,ODP8501,,Canada,British Colombia,"British Columbia, Meszah Mtn. 1596 m.",,58.450007,-131.450307,8/3/04,2,B12
NHMO,O-DP-8504,Tissue,Ken Marr & Richard H. Hebda,,Dryas,ajanensis,beringensis,ajan_ODP8504,,,,,,,,,2224505,2217981,1619512,598469,43804,27872,0.006892,0.001876,25005,8769,NA,FALSE,FALSE,ajan_ODP8504-CA.BC.Meszah,8504_aja_CA-BC,ajan_ODP8504,ajan_ODP8504,CA.BC.Meszah,ajan,ODP8504,,Canada,British Colombia,"British Columbia, Meszah Mtn. 1596 m.",,58.450007,-131.450307,8/3/04,2,C12
NHMO,O-DP-7492,Tissue,Ken Marr & Richard H. Hebda,,Dryas,drummondii,,drum_ODP7492,drum,1D,,drum,drum,,,drum,2492350,2476242,1819914,656328,41577,25573,0.001906,0.001612,24160,9328,drummondii,TRUE,TRUE,drum_ODP7492-CA.BC.Stikine,7492_dru_CA-BC,drum_ODP7492,drum_ODP7492,CA.BC.Stikine,drum,ODP7492,,Canada,British Colombia,"British Columbia, Stikine Canyon.",,58,-130,4/8/04,2,B3
NHMO,O-DP-7493,Tissue,Ken Marr & Richard H. Hebda,,Dryas,drummondii,,drum_ODP7493,drum,1D,,drum,drum,,,drum,2880615,2841516,1819204,1022312,43706,25581,0.001818,0.001555,23985,9287,drummondii,TRUE,TRUE,drum_ODP7493-CA.BC.Stikine,7493_dru_CA-BC,drum_ODP7493,drum_ODP7493,CA.BC.Stikine,drum,ODP7493,,Canada,British Colombia,"British Columbia, Stikine Canyon.",,58,-130,4/8/04,2,C3
KRAM,KRAM,DNA extract,M. Ronikier,,Dryas,ajanensis cf.,,ajancf_BRK02,,,,,,,,,9504056,9306564,5802754,3503810,61625,33381,0.006577,0.00111,30048,11027,NA,FALSE,FALSE,ajancf_BRK02-US.AK.Brooks,Doc_BRK_02,ajancf_BRK02,ajancf_BRK02,US.AK.Brooks,ajancf,BRK_02,,United States of America,Alaska,"Brooks Range, near the Galbraith Lake Campground",853,68.4527,-149.478,20.07.2009,4,E6
KRAM,KRAM,DNA extract,M. Ronikier,,Dryas,ajanensis cf.,,ajancf_BRK03,,,,,,,,,9026611,8897530,6411675,2485855,50973,34195,0.006468,0.00119,31662,11629,NA,FALSE,FALSE,ajancf_BRK03-US.AK.Brooks,Doc_BRK_03,ajancf_BRK03,ajancf_BRK03,US.AK.Brooks,ajancf,BRK_03,,United States of America,Alaska,"Brooks Range, near the Galbraith Lake Campground",853,68.4527,-149.478,20.07.2009,4,F6
KRAM,KRAM,DNA extract,M. Ronikier,,Dryas,ajanensis cf.,,ajancf_BRK04,,,,,,,,,9196104,9070001,6491658,2578343,53535,34346,0.006955,0.001152,31550,11802,NA,FALSE,FALSE,ajancf_BRK04-US.AK.Brooks,Doc_BRK_04,ajancf_BRK04,ajancf_BRK04,US.AK.Brooks,ajancf,BRK_04,,United States of America,Alaska,"Brooks Range, near the Galbraith Lake Campground",853,68.4527,-149.478,20.07.2009,4,G6
KRAM,KRAM,DNA extract,M. Ronikier,,Dryas,octopetala,,octo_CHVD23502,octo_FrAlps,5O1,octo_EU,octo_EU,octo_EU,5O1,octo_EU,Octo,7553878,7448198,5178730,2269468,55905,36006,0.004314,0.001322,33680,13830,eurasia,TRUE,TRUE,octo_CHVD23502-CH.Vaud,Doc_CHVD-235_02,octo_CHVD23502,octo_CHVD23502,CH.Vaud,octo,CHVD235_02,,Switzerland,Swiss Pre-Alps,Château-d'Oex,1911,46.47,7.13,7/28/09,4,B5
KRAM,KRAM,DNA extract,M. Ronikier,,Dryas,octopetala,,octo_CHVD23508,,,,,,,,,7611379,7511156,5489458,2021698,51016,36343,0.005203,0.001321,33985,14024,eurasia,FALSE,FALSE,octo_CHVD23508-CH.Vaud,Doc_CHVD-235_08,octo_CHVD23508,octo_CHVD23508,CH.Vaud,octo,CHVD235_08,,Switzerland,Swiss Pre-Alps,Château-d'Oex,1911,46.47,7.13,7/28/09,4,C5
NHMO,O-DP-8551,Tissue,H.Solstad & R.Elven,,Dryas,alaskensis,,alas_ODP8551,,,,,,,,,2002997,1996711,1466403,530308,42277,25776,0.007445,0.001839,23074,8171,NA,FALSE,FALSE,alas_ODP8551-RU.CHU.ChukchiPenkigney,8551_ala_RU-CK,alas_ODP8551,alas_ODP8551,RU.CHU.ChukchiPenkigney,alas,ODP8551,,Russian Federation,Chukotka,"Chukchi Peninsula: Buchta Penkigney N, Yanrakinot.",,64.871667,-172.666667,7/31/05,2,E12
NHMO,O-DP-7385,Tissue,H.Solstad & R.Elven,,Dryas,ajanensis,beringensis,ajan_ODP7385,,,,,,,,,3719919,3711265,2545418,1165847,50781,32243,0.00991,0.001465,25996,9262,NA,FALSE,FALSE,ajan_ODP7385-RU.CHU.ChukchiPenkigney,7385_aja_RU-CK,ajan_ODP7385,ajan_ODP7385,RU.CHU.ChukchiPenkigney,ajan,ODP7385,,Russian Federation,Chukotka,"Chukchi Peninsula: Buchta Penkigney, head of bay.",,64.78,-173.141667,7/29/05,1,A01
NHMO,O-DP-7387,Tissue,H.Solstad & R.Elven,,Dryas,ajanensis,beringensis,ajan_ODP7387,,,,,,,,,3946465,3934800,2686235,1248565,48202,29401,0.007347,0.001444,23380,7998,NA,FALSE,FALSE,ajan_ODP7387-RU.CHU.ChukchiPenkigney,7387_aja_RU-CK,ajan_ODP7387,ajan_ODP7387,RU.CHU.ChukchiPenkigney,ajan,ODP7387,,Russian Federation,Chukotka,"Chukchi Peninsula: Buchta Penkigney, head of bay.",,64.78,-173.141667,7/29/05,1,B01
NHMO,O-DP-7388,Tissue,H.Solstad & R.Elven,,Dryas,ajanensis,beringensis,ajan_ODP7388,,,,,,,,,4193887,4159250,2056727,2102523,60706,30170,0.008598,0.001445,23949,8360,NA,FALSE,FALSE,ajan_ODP7388-RU.CHU.ChukchiPenkigney,7388_aja_RU-CK,ajan_ODP7388,ajan_ODP7388,RU.CHU.ChukchiPenkigney,ajan,ODP7388,,Russian Federation,Chukotka,"Chukchi Peninsula: Buchta Penkigney, head of bay.",,64.78,-173.141667,7/29/05,1,C01
NHMO,O-DP-7410,Tissue,H.Solstad & R.Elven,,Dryas,alaskensis,,alas_ODP7410,,,,,,,,,4067945,4052182,2558434,1493748,49596,32523,0.009722,0.001417,25812,9254,NA,FALSE,FALSE,alas_ODP7410-RU.CHU.ChukchiPenkigney,7410_ala_RU-CK,alas_ODP7410,alas_ODP7410,RU.CHU.ChukchiPenkigney,alas,ODP7410,,Russian Federation,Chukotka,"Chukchi Peninsula: Buchta Penkigney, Pestolova River.",,64.828333,-173.085,7/27/05,1,C02
NHMO,O-DP-7411,Tissue,H.Solstad & R.Elven,,Dryas,alaskensis,,alas_ODP7411,,,,,,,,,3705562,3698095,2710471,987624,45877,31202,0.009547,0.001597,24949,8764,NA,FALSE,FALSE,alas_ODP7411-RU.CHU.ChukchiPenkigney,7411_ala_RU-CK,alas_ODP7411,alas_ODP7411,RU.CHU.ChukchiPenkigney,alas,ODP7411,,Russian Federation,Chukotka,"Chukchi Peninsula: Buchta Penkigney, Pestolova River.",,64.828333,-173.085,7/27/05,1,D02
NHMO,O-DP-7412,Tissue,H.Solstad & R.Elven,,Dryas,alaskensis,,alas_ODP7412,,,,,,,,,3580240,3573577,2622021,951556,44691,30554,0.009214,0.001524,24492,8506,NA,FALSE,FALSE,alas_ODP7412-RU.CHU.ChukchiPenkigney,7412_ala_RU-CK,alas_ODP7412,alas_ODP7412,RU.CHU.ChukchiPenkigney,alas,ODP7412,,Russian Federation,Chukotka,"Chukchi Peninsula: Buchta Penkigney, Pestolova River.",,64.828333,-173.085,7/27/05,1,E02
NHMO,O-DP-7413,Tissue,H.Solstad & R.Elven,,Dryas,alaskensis,,alas_ODP7413,,,,,,,,,4180120,4167320,2897751,1269569,48760,33043,0.009409,0.001516,26994,9787,NA,FALSE,FALSE,alas_ODP7413-RU.CHU.ChukchiPenkigney,7413_ala_RU-CK,alas_ODP7413,alas_ODP7413,RU.CHU.ChukchiPenkigney,alas,ODP7413,,Russian Federation,Chukotka,"Chukchi Peninsula: Buchta Penkigney, Pestolova River.",,64.828333,-173.085,7/27/05,1,F02
NHMO,O-DP-7509,Tissue,H.Solstad & R.Elven,,Dryas,incisa,,inci_ODP7509,,,,,,,,,2227104,2220206,1655883,564323,45030,29756,0.007363,0.001808,26904,9503,NA,FALSE,FALSE,inci_ODP7509-RU.CHU.ChukchiPenkigney,7509_inc_RU-CK,inci_ODP7509,inci_ODP7509,RU.CHU.ChukchiPenkigney,inci,ODP7509,,Russian Federation,Chukotka,"Chukchi Peninsula: Buchta Penkigney, Pestolova River.",,64.828333,-173.085,7/27/05,2,E3
NHMO,O-DP-7510,Tissue,H.Solstad & R.Elven,,Dryas,incisa,,inci_ODP7510,,,,,,,,,2406076,2397950,1826536,571414,44593,29324,0.007298,0.001686,26534,9632,NA,FALSE,FALSE,inci_ODP7510-RU.CHU.ChukchiPenkigney,7510_inc_RU-CK,inci_ODP7510,inci_ODP7510,RU.CHU.ChukchiPenkigney,inci,ODP7510,,Russian Federation,Chukotka,"Chukchi Peninsula: Buchta Penkigney, Pestolova River.",,64.828333,-173.085,7/27/05,2,F3
NHMO,O-DP-7530,Tissue,H.Solstad & R.Elven,,Dryas,integrifolia,,intg_ODP7530,,,,,,,,,2993471,2977520,2055023,922497,47977,29989,0.007282,0.001617,26902,9791,NA,FALSE,FALSE,intg_ODP7530-RU.CHU.ChukchiPenkigney,7530_int_RU-CK,intg_ODP7530,intg_ODP7530,RU.CHU.ChukchiPenkigney,intg,ODP7530,,Russian Federation,Chukotka,"Chukchi Peninsula: Buchta Penkigney, Pestolova River.",,64.828333,-173.085,7/28/05,2,F4
NHMO,O-DP-7533,Tissue,H.Solstad & R.Elven,,Dryas,integrifolia,,intg_ODP7533,,,,,,,,,2745940,2736617,2125641,610976,43684,28698,0.00616,0.001645,26414,9462,NA,FALSE,FALSE,intg_ODP7533-RU.CHU.ChukchiPenkigney,7533_int_RU-CK,intg_ODP7533,intg_ODP7533,RU.CHU.ChukchiPenkigney,intg,ODP7533,,Russian Federation,Chukotka,"Chukchi Peninsula: Buchta Penkigney, Pestolova River.",,64.828333,-173.085,7/28/05,2,G4
NHMO,O-DP-7389,Tissue,H.Solstad & R.Elven,,Dryas,ajanensis,beringensis,ajan_ODP7389,,,,,,,,,4313889,4299804,2950672,1349132,51986,30738,0.009403,0.001406,23677,8171,NA,FALSE,FALSE,ajan_ODP7389-RU.CHU.ChukchiLavrentiya,7389_aja_RU-CK,ajan_ODP7389,ajan_ODP7389,RU.CHU.ChukchiLavrentiya,ajan,ODP7389,,Russian Federation,Chukotka,"Chukchi Peninsula: Lavrentiya Bay, estuary 15 km NW of Lavrentiya.",,65.645,-171.225,8/3/05,1,D01
NHMO,O-DP-7390,Tissue,H.Solstad & R.Elven,,Dryas,ajanensis,beringensis,ajan_ODP7390,,,,,,,,,3804101,3794558,2748729,1045829,47733,32370,0.00918,0.001399,26371,9578,NA,FALSE,FALSE,ajan_ODP7390-RU.CHU.ChukchiLavrentiya,7390_aja_RU-CK,ajan_ODP7390,ajan_ODP7390,RU.CHU.ChukchiLavrentiya,ajan,ODP7390,,Russian Federation,Chukotka,"Chukchi Peninsula: Lavrentiya Bay, estuary 15 km NW of Lavrentiya.",,65.645,-171.225,8/3/05,1,E01
NHMO,O-DP-7392,Tissue,H.Solstad & R.Elven,,Dryas,ajanensis,beringensis,ajan_ODP7392,,,,,,,,,3759869,3751265,2793978,957287,45847,31887,0.008887,0.001399,25779,9150,NA,FALSE,FALSE,ajan_ODP7392-RU.CHU.ChukchiLavrentiya,7392_aja_RU-CK,ajan_ODP7392,ajan_ODP7392,RU.CHU.ChukchiLavrentiya,ajan,ODP7392,,Russian Federation,Chukotka,"Chukchi Peninsula: Lavrentiya Bay, estuary 15 km NW of Lavrentiya.",,65.645,-171.225,8/3/05,1,F01
NHMO,O-DP-7536,Tissue,H.Solstad & R.Elven,,Dryas,integrifolia,,intg_ODP7536,,,,,,,,,2770272,2755078,1997271,757807,45734,29706,0.006774,0.001627,26985,9494,NA,FALSE,FALSE,intg_ODP7536-RU.CHU.ChukchiLavrentiya,7536_int_RU-CK,intg_ODP7536,intg_ODP7536,RU.CHU.ChukchiLavrentiya,intg,ODP7536,,Russian Federation,Chukotka,"Chukchi Peninsula: Lavrentiya Bay, estuary 15 km NW of Lavrentiya.",,65.645,-171.225,8/3/05,2,H4
NHMO,O-DP-53237,Tissue,V. Razzhivin,,Dryas,punctata,,punc_ODP53237,,,,,,,,,2952422,2943712,2198870,744842,45665,29881,0.006856,0.001899,27331,9987,both,FALSE,FALSE,punc_ODP53237-RU.CHU.Anadyr,53237_pun_RU-CK,punc_ODP53237,punc_ODP53237,RU.CHU.Anadyr,punc,ODP53237,,Russian Federation,Chukotka,"Chukotka Autonomous Okrug, Anadyr City surrounds, Levy Dionisiya River.",,64.6165,177.152883,9/1/05,3,H3
NHMO,O-DP-53362,Tissue,V. Razzhivin,,Dryas,punctata,,punc_ODP53362,,,,,,,,,3609179,3590221,2470797,1119424,47021,31790,0.008199,0.001602,29002,10570,both,FALSE,FALSE,punc_ODP53362-RU.CHU.Anadyr,53362_pun_RU-CK,punc_ODP53362,punc_ODP53362,RU.CHU.Anadyr,punc,ODP53362,,Russian Federation,Chukotka,"Chukotka Autonomous Okrug, Anadyr City surrounds, Levy Dionisiya River.",,64.6165,177.152883,9/1/05,3,B4
NHMO,O-DP-8549,Tissue,H.Solstad & R.Elven,,Dryas,punctata,,punc_ODP8549,,,,,,,,,2211517,2204927,1614826,590101,43155,26609,0.007088,0.001879,23950,8363,NA,FALSE,FALSE,punc_ODP8549-RU.CHU.ChukchiPenkigney,8549_ala_RU-CK,punc_ODP8549,punc_ODP8549,RU.CHU.ChukchiPenkigney,punc,ODP8549,,Russian Federation,Chukotka,"CHUKOTKA, Chukchi Peninsula: Buchta Penkigney N, Yanrakinot.",,64.871667,-172.666667,7/31/05,2,D12
NHMO,O-DP-8553,Tissue,H.Solstad & R.Elven,,Dryas,punctata,,punc_ODP8553,punc_CHU,8Pu,,punc,punc,,,Punc,2190430,2178101,1490738,687363,45056,26784,0.006691,0.001729,24193,8640,both,TRUE,TRUE,punc_ODP8553-RU.CHU.Wrangel,8553_pun_RU-CK,punc_ODP8553,punc_ODP8553,RU.CHU.Wrangel,punc,ODP8553,,Russian Federation,Chukotka,"CHUKOTKA, Wrangel I.: Somnitelnaya settlement & river.",,70.936667,-179.56,8/16/05,2,F12
NHMO,O-DP-8555,Tissue,H.Solstad & R.Elven,,Dryas,punctata,,punc_ODP8555,punc_CHU,8Pu,,punc,punc,,,Punc,2190886,2181974,1549290,632684,44977,27863,0.006739,0.001707,24967,8810,both,TRUE,TRUE,punc_ODP8555-RU.CHU.Wrangel,8555_pun_RU-CK,punc_ODP8555,punc_ODP8555,RU.CHU.Wrangel,punc,ODP8555,,Russian Federation,Chukotka,"CHUKOTKA, Wrangel I.: Somnitelnaya settlement & river.",,70.936667,-179.56,8/16/05,2,G12
KRAM,KRAM,DNA extract,M. Ronikier,,Dryas,octopetala,,octo_GAV01,octo_Pyrenees,5O1,,octo_EU,octo_EU,,,Octo,9727039,9432483,4543443,4889040,64590,33031,0.004425,0.001107,29468,11500,eurasia,TRUE,TRUE,octo_GAV01-FR.Pyrenees.Cent,Doc_GAV_01,octo_GAV01,octo_GAV01,FR.Pyrenees.Cent,octo,GAV_01,,France,Pyrenees Centrales,Cirque de Gavarnie,1800,42.7007,-0.0032,11.08.2009,4,H4
KRAM,KRAM,DNA extract,M. Ronikier,,Dryas,octopetala,,octo_GAV07,octo_Pyrenees,5O1,,octo_EU,octo_EU,,,Octo,9148447,8873056,4290134,4582922,68299,33074,0.00473,0.001141,29952,11588,eurasia,TRUE,TRUE,octo_GAV07-FR.Pyrenees.Cent,Doc_GAV_07,octo_GAV07,octo_GAV07,FR.Pyrenees.Cent,octo,GAV_07,,France,Pyrenees Centrales,Cirque de Gavarnie,1800,42.7007,-0.0032,11.08.2009,4,A5
F,F,Tissue,D.M. White,697,Dryas,hookeriana,,hook_DW697,hook_CO,7AIH-hCO,,hook,AIH,,,AIH,2927396,2913778,2034860,878918,44251,28105,0.004831,0.001808,26040,9397,NA,TRUE,TRUE,hook_DW697-US.CO.ClearCrCo,DW697_hoo_US-CO,hook_DW697,hook_DW697,US.CO.ClearCrCo,hook,DW697,,United States of America,Colorado,Clear Creek County. Arapahoe & Roosevelt National Forest. Loveland Pass Trail above Parking Lot. North-facing slope.,"3,674",39.6645468,-105.877378,"Aug. 18, 2021",3,F10
F,F,Tissue,D.M. White,701,Dryas,hookeriana,,hook_DW701,,,,,,,,,1379980,1375670,1009179,366491,38786,22872,0.004788,0.00348,20256,7693,NA,FALSE,FALSE,hook_DW701-US.CO.ClearCrCo,DW701_hoo_US-CO,hook_DW701,hook_DW701,US.CO.ClearCrCo,hook,DW701,,United States of America,Colorado,Clear Creek County. Arapahoe & Roosevelt National Forest. Loveland Pass Trail above Parking Lot. North-facing slope.,"3,674",39.6645468,-105.877378,"Aug. 18, 2024",3,G10
KRAM,KRAM,DNA extract,M. Ronikier,,Dryas,octopetala,,octo_ANE01,octo_Pyrenees,5O1,,octo_EU,octo_EU,,,Octo,4807935,4744336,3246290,1498046,51278,30502,0.00387,0.001429,28625,10815,eurasia,TRUE,TRUE,octo_ANE01-FR.Pyrenees.Atl,Doc_ANE_01,octo_ANE01,octo_ANE01,FR.Pyrenees.Atl,octo,ANE_01,,France,Pyrenees Atlantiques,Col de Pourtalet - Pic d'Aneou,,42.79887,-0.43303,,4,F9
KRAM,KRAM,DNA extract,M. Ronikier,,Dryas,octopetala,,octo_ANE02,octo_Pyrenees,5O1,,octo_EU,octo_EU,,,Octo,6567874,6433026,3821937,2611089,55114,29999,0.003916,0.001425,27750,10203,eurasia,TRUE,TRUE,octo_ANE02-FR.Pyrenees.Atl,Doc_ANE_02,octo_ANE02,octo_ANE02,FR.Pyrenees.Atl,octo,ANE_02,,France,Pyrenees Atlantiques,Col de Pourtalet - Pic d'Aneou,,42.79887,-0.43303,,4,G9
NHMO,O-DP-8463,Tissue,"Inger Skrede, Morten Stakkeland",,Dryas,hookeriana,,hook_ODP8463,hook_CO,7AIH-hCO,,hook,AIH,,,AIH,2159570,2150354,1434975,715379,45608,26770,0.004541,0.001774,24370,8450,NA,TRUE,TRUE,hook_ODP8463-US.CO.ParkCo,8463_hoo_US-CO,hook_ODP8463,hook_ODP8463,US.CO.ParkCo,hook,ODP8463,,United States of America,Colorado,"Colorado, Park county, Mosquito Pass, between Leadville and Fairplay. 3806 m.",,39.2925,-106.169167,7/7/06,2,E11
NHMO,O-DP-8464,Tissue,"Inger Skrede, Morten Stakkeland",,Dryas,hookeriana,,hook_ODP8464,hook_CO,7AIH-hCO,,hook,AIH,,,AIH,2729763,2707843,1648317,1059526,48385,27756,0.004607,0.001664,25100,8853,NA,TRUE,TRUE,hook_ODP8464-US.CO.ParkCo,8464_hoo_US-CO,hook_ODP8464,hook_ODP8464,US.CO.ParkCo,hook,ODP8464,,United States of America,Colorado,"Colorado, Park county, Mosquito Pass, between Leadville and Fairplay. 3806 m.",,39.2925,-106.169167,7/7/06,2,F11
BABY,F,sheet,R. Chicoine; M. Ryan,19-0373,Dryas,alaskensis,,alas_BABY422,alas_Interior,7AIH-ali,,ajas_alan,AIH,,,AIH,5229368,5097817,1544237,3553580,62256,27737,0.006656,0.001484,23524,8485,NA,TRUE,TRUE,alas_BABY422-CA.YT.Daadazii,BB422_ala_CA-YT,alas_BABY422,alas_BABY422,CA.YT.Daadazii,alas,BABY422,,Canada,Yukon Territory,"Daadazii Van park proposal, Bell River headwaters",906,67.524272,-136.497368,31-Jul-19,3,B6
BABY,F,sheet,B.A. Bennett et al.,19-0220,Dryas,alaskensis,,alas_BABY373,,,,,,,,,4067429,4055816,2959042,1096774,46991,31114,0.007918,0.001444,25421,8931,NA,FALSE,FALSE,alas_BABY373-CA.YT.Daadazii,BB373_ala_CA-YT,alas_BABY373,alas_BABY373,CA.YT.Daadazii,alas,BABY373,,Canada,Yukon Territory,"Daadazii Van park proposal, Bell River headwaters",852,67.7763278,-136.681672,29-Jul-19,1,F12
BABY,F,sheet,R. Chicoine; M. Ryan,19-0422,Dryas,hookeriana cf.,,hookcf_BABY426,,,,,,,,,3113868,3100437,2244320,856117,44865,27866,0.00593,0.001635,25567,8988,NA,FALSE,FALSE,hookcf_BABY426-CA.YT.Daadazii,BB426_hoo_CA-YT,hookcf_BABY426,hookcf_BABY426,CA.YT.Daadazii,hookcf,BABY426,,Canada,Yukon Territory,"Daadazii Van park proposal, Bell River headwaters",849,67.521,-136.491038,29-Jul-19,3,C6
BABY,BABY-11354,sheet,R. Chicoine; M. Ryan,19-0303,Dryas,incisa,,inci_BABY11354,,,,,,,,,4064571,4055100,3019645,1035455,47533,31897,0.008745,0.001598,26182,9361,NA,FALSE,FALSE,inci_BABY11354-CA.YT.Daadazii,BB11354_inc_CA-YT,inci_BABY11354,inci_BABY11354,CA.YT.Daadazii,inci,BABY11354,,Canada,Yukon Territory,"Daadazii Van park proposal, Bell River headwaters",882,67.517423,-136.50041,31-Jul-19,1,H11
BABY,BABY-01589,sheet,B.A. Bennett,99-0005,Dryas,integrifolia,integrifolia,intg_BABY1589,,,,,,,,,4376190,4338876,2659952,1678924,49888,30295,0.007975,0.001434,24577,8674,NA,FALSE,FALSE,intg_BABY1589-CA.YT.Dempster,BB1589_int_CA-YT,intg_BABY1589,intg_BABY1589,CA.YT.Dempster,intg,BABY1589,,Canada,Yukon Territory,Dempster Highway near km 100,1128,64.8191,-138.3504,15-Jun-99,1,B12
F,BABY,Tissue,D.M. White,671,Dryas,drummondii,,drum_DW671,drum,1D,,drum,drum,,,drum,2932990,2914451,2065871,848580,41524,26315,0.001963,0.001292,24830,9484,drummondii,TRUE,TRUE,drum_DW671-AK.AKmtsN,DW671_dru_US-AK,drum_DW671,drum_DW671,AK.AKmtsN,drum,DW671,,United States of America,Alaska,"Denali Borough. Dry Creek, just north of Healy. Just upriver from bridge.",447,63.8815,-149.0346,"Aug. 11, 2019",AK2019,
F,F,Tissue,D.M. White,669,Dryas,integrifolia,,int_DW669,,,,,,,,,4470581,4426785,2918028,1508757,50190,29743,0.007862,0.001487,24181,8653,NA,FALSE,FALSE,int_DW669-AK.AKmtsN,DW669_int_US-AK,int_DW669,int_DW669,AK.AKmtsN,int,DW669,,United States of America,Alaska,"Denali Borough. Dry Creek, just north of Healy. Just upriver from bridge.",447,63.8815,-149.0346,"Aug. 11, 2019",AK2019,
F,F,Tissue,D.M. White,673,Dryas,integrifolia x ajanensis,,int_DW673,,,,,,,,,3221847,3187784,1829342,1358442,52670,28569,0.007173,0.00137,25710,9307,NA,FALSE,FALSE,int_DW673-AK.AKmtsN,DW673_x_US-AK,int_DW673,int_DW673,AK.AKmtsN,int,DW673,,United States of America,Alaska,Denali Borough. Healy. On ridge immediately north of Bison Gulch trailhead parking lot.,537,63.807009,-148.9520006,"Aug. 11, 2019",AK2019,
F,F,Tissue,D.M. White,675,Dryas,integrifolia,,int_DW675,,,,,,,,,3195238,3150921,1562957,1587964,56978,27442,0.009181,0.001528,22715,8301,NA,FALSE,FALSE,int_DW675-AK.AKmtsN,DW675_int_US-AK,int_DW675,int_DW675,AK.AKmtsN,int,DW675,,United States of America,Alaska,Denali Borough. Healy. On ridge immediately north of Bison Gulch trailhead parking lot.,537,63.807009,-148.9520006,"Aug. 11, 2019",AK2019,
F,F,Tissue,D.M. White,657,Dryas,ajanensis,beringensis,ajan_DW657,,,,,,,,,2801460,2784864,1950375,834489,48259,28770,0.006532,0.001465,26349,9317,NA,FALSE,FALSE,ajan_DW657-US.AK.AKmtsN,bgc03_aja_US-AK,ajan_DW657,ajan_DW657,US.AK.AKmtsN,ajan,DW657,,United States of America,Alaska,Denali Borough. On ridge immediately north of Bison Gulch trailhead parking lot. Sample BGC03.,537,63.807009,-148.9520006,"Aug. 11, 2019",AK2019,
F,F,Tissue,D.M. White,661,Dryas,ajanensis,beringensis,ajan_DW661,,,,,,,,,2913535,2898419,1989179,909240,50181,29324,0.007036,0.00143,26747,9811,NA,FALSE,FALSE,ajan_DW661-US.AK.AKmtsN,bgc15_aja_US-AK,ajan_DW661,ajan_DW661,US.AK.AKmtsN,ajan,DW661,,United States of America,Alaska,Denali Borough. On ridge immediately north of Bison Gulch trailhead parking lot. Sample BGC15.,537,63.807009,-148.9520006,"Aug. 11, 2019",AK2019,
NHMO,O-DP-8411,DNA extract,"Inger Skrede, Siri Kjølner & Leidulf Lund",,Dryas,octopetala,,octo_ODP8411,octo_neIceland,5O1,,octo_EU,octo_EU,,,Octo,2563316,2554142,1954517,599625,44538,28814,0.00308,0.001664,26833,9979,eurasia,TRUE,TRUE,octo_ODP8411-IS.W.Fjords,8411_oct_IS,octo_ODP8411,octo_ODP8411,IS.W.Fjords,octo,ODP8411,,Iceland,Westfjords,"Drangsnes/ Holmavik, ~3km V of Laugarholl, by road 643. 191 m.",,65.765778,-21.636361,7/4/02,2,C11
NHMO,O-DP-8420,DNA extract,"Inger Skrede, Siri Kjølner & Leidulf Lund",,Dryas,octopetala,,octo_ODP8420,,,,,,,,,4501808,4490520,3291362,1199158,46100,32400,0.005533,0.001375,26761,10221,eurasia,FALSE,FALSE,octo_ODP8420-IS.W.Fjords,8420_oct_IS,octo_ODP8420,octo_ODP8420,IS.W.Fjords,octo,ODP8420,,Iceland,Westfjords,"Drangsnes/ Holmavik, ~3km V of Laugarholl, by road 643. 191 m.",,65.765778,-21.636361,7/4/02,1,B10
KRAM,KRAM,DNA extract,M. Ronikier,,Dryas,oxydonta cf.,,oxydcf_SAY05,oxyd_SAY,3Ox,oxyd,oxyd,oxyd,3Ox,oxyd,Oxyd,9435531,9238267,6593788,2644479,55701,34111,0.00553,0.001106,31727,12183,eurasia,TRUE,TRUE,oxydcf_SAY05-RU.EastSayanMts,Doc_SAY_05,oxydcf_SAY05,oxydcf_SAY05,RU.EastSayanMts,oxydcf,SAY_05,,Russian Federation,Buryatia,E. Sayan Mts. Pik Lubowli,2121,51.9455,102.440022,8.2009,4,F4
KRAM,KRAM,DNA extract,M. Ronikier,,Dryas,oxydonta cf.,,oxydcf_SAY09,oxyd_SAY,3Ox,oxyd,oxyd,oxyd,3Ox,oxyd,Oxyd,10747783,10555267,7405754,3149513,56025,34204,0.005714,0.000962,31654,11882,eurasia,TRUE,TRUE,oxydcf_SAY09-RU.EastSayanMts,Doc_SAY_09,oxydcf_SAY09,oxydcf_SAY09,RU.EastSayanMts,oxydcf,SAY_09,,Russian Federation,Buryatia,E. Sayan Mts. Pik Lubowli,2121,51.9455,102.440022,8.2009,4,G4
KRAM,KRAM,DNA extract,M. Ronikier,,Dryas,oxydonta cf.,,oxydcf_SAY02,oxyd_SAY,3Ox,,oxyd,oxyd,,,Oxyd,5851962,5701383,3344858,2356525,57543,29637,0.004388,0.001521,27241,10320,eurasia,TRUE,TRUE,oxydcf_SAY02-RU.EastSayanMts,Doc_SAY_02,oxydcf_SAY02,oxydcf_SAY02,RU.EastSayanMts,oxydcf,SAY_02,,Russian Federation,Buryatia,E. Sayan Mts. Pik Lubowli,2121,51.9455,102.440022,8.2009,4,E4
NHMO,O-DP-8154,DNA extract,Inger Skrede & Leidulf Lund,,Dryas,sp,,octo_ODP8154,,,,,,,,,4047276,4036755,2990537,1046218,48302,32363,0.008693,0.001337,26571,9958,both,FALSE,FALSE,octo_ODP8154-GL.E.Jameson,8154_oct_GL-E,octo_ODP8154,octo_ODP8154,GL.E.Jameson,sp,ODP8154,,Greenland,Sermersooq,"East. Jameson Land, Constable point, Above the riverdelta of Hareelven. 8 m.",,70.711778,-22.654583,7/13/02,1,A09
NHMO,O-DP-8143,DNA extract,Inger Skrede & Leidulf Lund,,Dryas,sp,,octo_ODP8143,,,,,,,,,2694870,2681924,1933982,747942,46053,28535,0.006636,0.001672,25974,9323,both,FALSE,FALSE,octo_ODP8143-GL.E.Jameson,8143_oct_GL-E,octo_ODP8143,octo_ODP8143,GL.E.Jameson,sp,ODP8143,,Greenland,Sermersooq,"East. Jameson Land, Constable point, By Primulaelven, N'th side of the valley. 90 m.",,70.745611,-22.689833,7/14/02,2,H9
KRAM,KRAM,DNA extract,M. Ronikier,,Dryas,octopetala,,octo_FAE03,octo_Faroe,5O1,octo_EU,octo_EU,octo_EU,5O1,,Octo,8596272,8404579,4957632,3446947,62071,32965,0.003204,0.001157,30228,11774,eurasia,TRUE,TRUE,octo_FAE03-DK.FO.Eysturoy,Doc_FAE_03,octo_FAE03,octo_FAE03,DK.FO.Eysturoy,octo,FAE_03,,Denmark,Eysturoy,Eiðiskollur (352 m) – summit area,,62.296929,7.013205,29.08.2015,4,B9
KRAM,KRAM,DNA extract,M. Ronikier,,Dryas,octopetala,,octo_FAE01,octo_Faroe,5O1,,octo_EU,octo_EU,,,Octo,5207648,5115656,2596260,2519396,67160,29386,0.003106,0.001526,27050,10225,eurasia,TRUE,TRUE,octo_FAE01-DK.FO.Eysturoy,Doc_FAE_01,octo_FAE01,octo_FAE01,DK.FO.Eysturoy,octo,FAE_01,,Denmark,Eysturoy,Eiðiskollur (352 m) – summit area,,62.296929,7.013205,29.08.2015,4,A9
KRAM,KRAM,DNA extract,M. Ronikier,,Dryas,octopetala,,octo_FAE05,octo_Faroe,5O1,,octo_EU,octo_EU,,,Octo,7076781,6941984,4563422,2378562,58583,32198,0.003687,0.001331,30141,11738,eurasia,TRUE,TRUE,octo_FAE05-DK.FO.Eysturoy,Doc_FAE_05,octo_FAE05,octo_FAE05,DK.FO.Eysturoy,octo,FAE_05,,Denmark,Eysturoy,Eiðiskollur (352 m) – summit area,,62.296929,7.013205,29.08.2015,4,C9
F,F,Tissue,D.M. White,663,Dryas,ajanensis,beringensis,ajan_DW663,ajan_Interior,7AIH-aji,,ajas_alan,AIH,,,AIH,3209867,3189634,2203413,986221,46709,29350,0.007075,0.001299,26817,9528,NA,TRUE,TRUE,ajan_DW663-US.AK.Inter.Murphy,mdb01_aja_US-AK,ajan_DW663,ajan_DW663,US.AK.Inter.Murphy,ajan,DW663,,United States of America,Alaska,Fairbanks North Star Borough. Ridge west of Murphy Dome. Sample MDB01.,784,64.9491118,-148.431554,"Aug. 12, 2019",AK2019,
F,F,Tissue,D.M. White,662,Dryas,ajanensis,beringensis,ajan_DW662,,,,,,,,,3923744,3896575,2470866,1425709,55177,29326,0.008837,0.001521,23333,8178,NA,FALSE,FALSE,ajan_DW662-US.AK.Inter.Murphy,mdb04_aja_US-AK,ajan_DW662,ajan_DW662,US.AK.Inter.Murphy,ajan,DW662,,United States of America,Alaska,Fairbanks North Star Borough. Ridge west of Murphy Dome. Sample MDB04.,784,64.9491118,-148.431554,"Aug. 12, 2019",AK2019,
F,F,Tissue,D.M. White,642,Dryas,ajanensis,beringensis,ajan_DW642,,,,,,,,,3782886,3758752,2534577,1224175,48802,29952,0.009349,0.001469,24104,8518,NA,FALSE,FALSE,ajan_DW642-US.AK.Inter.WickDome,wda03_aja_US-AK,ajan_DW642,ajan_DW642,US.AK.Inter.WickDome,ajan,DW642,,United States of America,Alaska,Fairbanks North Star Borough. Wickersham Dome trail. Sample WDA3.,795,65.1913407,-148.0576173,"Aug. 6, 2019",AK2019,
F,F,Tissue,D.M. White,643,Dryas,ajanensis,beringensis,ajan_DW643,,,,,,,,,3239601,3224873,2084681,1140192,50642,30383,0.00831,0.001576,24785,8851,NA,FALSE,FALSE,ajan_DW643-US.AK.Inter.WickDome,wda07_aja_US-AK,ajan_DW643,ajan_DW643,US.AK.Inter.WickDome,ajan,DW643,,United States of America,Alaska,Fairbanks North Star Borough. Wickersham Dome trail. Sample WDA7.,795,65.1913407,-148.0576173,"Aug. 6, 2019",AK2019,
NHMO,O-DP-8297,DNA extract,KW,,Dryas,octopetala,,octo_ODP8297,,,,,,,,,3798684,3791956,2844002,947954,45975,29908,0.007983,0.001393,23889,8635,eurasia,FALSE,FALSE,octo_ODP8297-NO.Finnmark,8297_oct_NO-FI,octo_ODP8297,octo_ODP8297,NO.Finnmark,octo,ODP8297,,Norway,Finnmark,"Finnmark, Nordkapp, Duken. 140 m.",,71.075278,25.801667,7/20/02,1,E09
KRAM,KRAM,DNA extract,M. Ronikier,,Dryas,hookeriana,,hook_GLA04,hook_north,7AIH-hN,AIH,hook,AIH,7AIH-h,AIH,AIH,10665361,10493991,7596838,2897153,49232,34845,0.005232,0.001028,32578,12679,NA,TRUE,TRUE,hook_GLA04-US.MT.GNP.Piegan,Doc_GLA_04,hook_GLA04,hook_GLA04,US.MT.GNP.Piegan,hook,GLA_04,,United States of America,"Montana, Glacier County","Glacier NP, N slopes of Piegan Mounatin",2700,48.715,-113.696,13.08.2008,4,E5
KRAM,KRAM,DNA extract,M. Ronikier,,Dryas,hookeriana,,hook_GLA03,hook_north,7AIH-hN,,hook,AIH,,,AIH,9530702,9407504,7153812,2253692,46356,33427,0.004732,0.001056,31333,11698,NA,TRUE,TRUE,hook_GLA03-US.MT.GNP.Piegan,Doc_GLA_03,hook_GLA03,hook_GLA03,US.MT.GNP.Piegan,hook,GLA_03,,United States of America,"Montana, Glacier County","Glacier NP, N slopes of Piegan Mounatin",2700,48.715,-113.696,13.08.2008,4,D5
KRAM,KRAM,DNA extract,M. Ronikier,,Dryas,hookeriana,,hook_GLA05,hook_north,7AIH-hN,,hook,AIH,,,AIH,11074322,10876923,7531488,3345435,51071,35194,0.005015,0.000999,32553,12324,NA,TRUE,TRUE,hook_GLA05-US.MT.GNP.Piegan,Doc_GLA_05,hook_GLA05,hook_GLA05,US.MT.GNP.Piegan,hook,GLA_05,,United States of America,"Montana, Glacier County","Glacier NP, N slopes of Piegan Mounatin",2700,48.715,-113.696,13.08.2008,4,F5
KRAM,KRAM,DNA extract,M. Ronikier,,Dryas,hookeriana,,hook_MED01,hook_north,7AIH-hN,AIH,hook,AIH,7AIH-h,AIH,AIH,8984733,8827376,6262872,2564504,47997,34104,0.005314,0.00114,31695,12330,NA,TRUE,TRUE,hook_MED01-US.MT.GNP.2MedLake,Doc_MED_01,hook_MED01,hook_MED01,US.MT.GNP.2MedLake,hook,MED_01,,United States of America,"Montana, Glacier County","Glacier NP, Two Medicine Lake valley, Scenic Point crest",2230,48.4792,-113.333,12.08.2008,4,H6
KRAM,KRAM,DNA extract,M. Ronikier,,Dryas,hookeriana,,hook_MED02,hook_north,7AIH-hN,,hook,AIH,,,AIH,6527032,6431060,4732247,1698813,46804,33333,0.005247,0.001422,30951,12288,NA,TRUE,TRUE,hook_MED02-US.MT.GNP.2MedLake,Doc_MED_02,hook_MED02,hook_MED02,US.MT.GNP.2MedLake,hook,MED_02,,United States of America,"Montana, Glacier County","Glacier NP, Two Medicine Lake valley, Scenic Point crest",2230,48.4792,-113.333,12.08.2008,4,A7
KRAM,KRAM,DNA extract,M. Ronikier,,Dryas,hookeriana,,hook_MED04,hook_north,7AIH-hN,,hook,AIH,,,AIH,7102873,7015742,5308661,1707081,46761,34199,0.00558,0.001459,31745,12321,NA,TRUE,TRUE,hook_MED04-US.MT.GNP.2MedLake,Doc_MED_04,hook_MED04,hook_MED04,US.MT.GNP.2MedLake,hook,MED_04,,United States of America,"Montana, Glacier County","Glacier NP, Two Medicine Lake valley, Scenic Point crest",2230,48.4792,-113.333,12.08.2008,4,B7
NHMO,O-DP-7452,Tissue,"G.M. Schneeweiss, A. Tribsch, M. Staudinger, P. Schönswetter",,Dryas,caucasica,,cauc_ODP7452,cauc,2C,cauc,cauc,cauc,2C,,Oxyd,2161722,2155552,1629135,526417,41490,27380,0.002449,0.001773,25580,9173,eurasia,TRUE,TRUE,cauc_ODP7452-GE.MtskhetaMtianeti,7452_cau_GE,cauc_ODP7452,cauc_ODP7452,GE.MtskhetaMtianeti,cauc,ODP7452,,Georgia,Mtskheta-Mtianeti,"Great Caucasus, Mtskheta-Mtianeti, Eastern slope close to Baidarar river 2 km NE below Jvaris ugheltekhili. 2220 m.",,42.534722,44.475278,7/21/02,2,B2
NHMO,O-DP-7453,Tissue,"G.M. Schneeweiss, A. Tribsch, M. Staudinger, P. Schönswetter",,Dryas,caucasica,,cauc_ODP7453,,,,,,,,,,,,,,,,,,,,FALSE,FALSE,,7453_cau_GE,,,GE.Mtianeti,cauc,ODP7453,mislabel,Georgia,Mtskheta-Mtianeti,"Great Caucasus, Mtskheta-Mtianeti, Eastern slope close to Baidarar river 2 km NE below Jvaris ugheltekhili. 2220 m.",,42.534722,44.475278,7/21/02,2,C2
NHMO,O-DP-7438,Tissue,"G.M. Schneeweiss, A. Tribsch, M. Staudinger & P. Schönswetter",,Dryas,caucasica,,cauc_ODP7438,cauc,2C,cauc,cauc,cauc,2C,cauc,Oxyd,2642174,2630294,1936080,694214,41932,27850,0.001989,0.001677,26028,9465,eurasia,TRUE,TRUE,cauc_ODP7438-GE.MtskhetaMtianeti,7438_cau_GE,cauc_ODP7438,cauc_ODP7438,GE.MtskhetaMtianeti,cauc,ODP7438,,Georgia,Mtskheta-Mtianeti,"Great Caucasus, Mtskheta-Mtianeti, From church Tsminda Sameba in direction of Mt. Kasbek. 2390 m.",,42.664722,44.583333,7/19/02,2,G1
NHMO,O-DP-7446,Tissue,"G.M. Schneeweiss, A. Tribsch, M. Staudinger & P. Schönswetter",,Dryas,caucasica,,cauc_ODP7446,,,,,,,,,,,,,,,,,,,,FALSE,FALSE,,7446_cau_GE,,,GE.Mtianeti,cauc,ODP7446,mislabel,Georgia,Mtskheta-Mtianeti,"Great Caucasus, Mtskheta-Mtianeti, From church Tsminda Sameba in direction of Mt. Kasbek. 2390 m.",,42.664722,44.583333,7/19/02,2,H1
NHMO,O-DP-7448,Tissue,"G.M. Schneeweiss, A. Tribsch, M. Staudinger & P. Schönswetter",,Dryas,caucasica,,cauc_ODP7448,,,,,,,,,,,,,,,,,,,,FALSE,FALSE,,7448_cau_GE,,,GE.Mtianeti,cauc,ODP7448,mislabel,Georgia,Mtskheta-Mtianeti,"Great Caucasus, Mtskheta-Mtianeti, From church Tsminda Sameba in direction of Mt. Kasbek. 2390 m.",,42.664722,44.583333,7/19/02,2,A2
KRAM,KRAM,DNA extract,M. Ronikier,,Dryas,octopetala,,octo_HAR01,,,,,,,,,9482569,9251641,5542782,3708859,57686,32801,0.004158,0.001219,30413,11328,eurasia,FALSE,FALSE,octo_HAR01-SE.Harjedalen,Doc_HAR_01,octo_HAR01,octo_HAR01,SE.Harjedalen,octo,HAR_01,,Sweden,Harjedalen,Hamrafjallet,,62.5639,12.2803,06.09.2012,4,D11
KRAM,KRAM,DNA extract,M. Ronikier,,Dryas,octopetala,,octo_HAR02,,,,,,,,,8552035,8294910,4947280,3347630,57748,33152,0.005144,0.001137,30597,11684,eurasia,FALSE,FALSE,octo_HAR02-SE.Harjedalen,Doc_HAR_02,octo_HAR02,octo_HAR02,SE.Harjedalen,octo,HAR_02,,Sweden,Harjedalen,Hamrafjallet,,62.5639,12.2803,06.09.2012,4,E11
KRAM,KRAM,DNA extract,M. Ronikier,,Dryas,octopetala,,octo_HAR03,,,,,,,,,7102453,6933181,4533894,2399287,56129,32261,0.004786,0.001319,30181,11763,eurasia,FALSE,FALSE,octo_HAR03-SE.Harjedalen,Doc_HAR_03,octo_HAR03,octo_HAR03,SE.Harjedalen,octo,HAR_03,,Sweden,Harjedalen,Hamrafjallet,,62.5639,12.2803,06.09.2012,4,F11
NHMO,O-DP-8244,DNA extract,Marte Holten Jørgensen/Inger Skrede/Gro Hilde Jacobsen,,Dryas,octopetala,,octo_ODP8244,,,,,,,,,4449523,4434744,3153028,1281716,49356,32223,0.007281,0.001411,25703,9597,eurasia,FALSE,FALSE,octo_ODP8244-NO.Hordaland,8244_oct_NO-HO,octo_ODP8244,octo_ODP8244,NO.Hordaland,octo,ODP8244,,Norway,Hordaland,"Hordaland, Finse, On top of BIO101-heia (NW of Kvannjolsnut, alt.: 1472m). 1470 m.",,60.607778,7.549444,7/31/02,1,G04
NHMO,O-DP-8249,DNA extract,Marte Holten Jørgensen/Inger Skrede/Gro Hilde Jacobsen,,Dryas,octopetala,,octo_ODP8249,,,,,,,,,4584163,4563755,3066340,1497415,53797,32287,0.007111,0.001433,26405,10013,eurasia,FALSE,FALSE,octo_ODP8249-NO.Hordaland,8249_oct_NO-HO,octo_ODP8249,octo_ODP8249,NO.Hordaland,octo,ODP8249,,Norway,Hordaland,"Hordaland, Finse, On top of BIO101-heia (NW of Kvannjolsnut, alt.: 1472m). 1470 m.",,60.607778,7.549444,7/31/02,1,H04
F,F,Tissue,D.M. White,689,Dryas,hookeriana,,hook_DW689,hook_CO,7AIH-hCO,,hook,AIH,,,AIH,3517898,3498904,2403998,1094906,43992,29264,0.003351,0.001556,27210,9824,NA,TRUE,TRUE,hook_DW689-US.CO.HuerfanoCo,DW689_hoo_US-CO,hook_DW689,hook_DW689,US.CO.HuerfanoCo,hook,DW689,,United States of America,Colorado,Huerfano County. Pike & San Isabel National Forest. North slope of Trinchera Peak.,"3,900",37.2946299,-105.1645673,"Aug. 15, 2021",3,B10
F,F,Tissue,D.M. White,690,Dryas,hookeriana,,hook_DW690,hook_CO,7AIH-hCO,,hook,AIH,,,AIH,2968675,2956089,2071615,884474,43550,27770,0.002908,0.0018,26080,9315,NA,TRUE,TRUE,hook_DW690-US.CO.HuerfanoCo,DW690_hoo_US-CO,hook_DW690,hook_DW690,US.CO.HuerfanoCo,hook,DW690,,United States of America,Colorado,Huerfano County. Pike & San Isabel National Forest. North slope of Trinchera Peak.,"3,900",37.2946299,-105.1645673,"Aug. 15, 2021",3,C10
F,F,Tissue,D.M. White,695,Dryas,hookeriana,,hook_DW695,hook_CO,7AIH-hCO,,hook,AIH,,,AIH,3578683,3555831,2363471,1192360,46832,28411,0.004262,0.001472,26328,9387,NA,TRUE,TRUE,hook_DW695-US.CO.HuerfanoCo,DW695_hoo_US-CO,hook_DW695,hook_DW695,US.CO.HuerfanoCo,hook,DW695,,United States of America,Colorado,Huerfano County. Pike & San Isabel National Forest. North-facing slope at base of Trinchera Peak.,"3,729",37.2944789,-105.1612728,"Aug. 15, 2021",3,E10
KRAM,KRAM,DNA extract,M. Ronikier,,Dryas,octopetala,,octo_EA8946-201,octo_AT,5O1,,octo_EU,octo_EU,,,Octo,10479091,10182995,5583433,4599562,67774,36420,0.006036,0.001252,33415,13483,eurasia,TRUE,TRUE,octo_EA8946-201-AT.Hohe,Doc_EA-8946-2_01,octo_EA8946-201,octo_EA8946-201,AT.Hohe,octo,EA8946_2_01,,Austria,"Hohe Tauern, Ankogelgruppe",inner Pölla valley below Ochsenhütte and towards Lanischseen,1727,47.39555556,10.00027778,8/23/09,4,A1
KRAM,KRAM,DNA extract,M. Ronikier,,Dryas,octopetala,,octo_EA8946-205,octo_AT,5O1,,octo_EU,octo_EU,,,Octo,8633563,8500349,6026965,2473384,51673,34550,0.005029,0.001241,32206,12500,eurasia,TRUE,TRUE,octo_EA8946-205-AT.Hohe,Doc_EA-8946-2_05,octo_EA8946-205,octo_EA8946-205,AT.Hohe,octo,EA8946_2_05,,Austria,"Hohe Tauern, Ankogelgruppe",inner Pölla valley below Ochsenhütte and towards Lanischseen,1727,47.39555556,10.00027778,8/23/09,4,B1
KRAM,KRAM,DNA extract,M. Ronikier,,Dryas,octopetala,,octo_EA8946-206,,,,,,,,,10233866,9894425,4319157,5575268,73327,34104,0.005968,0.001148,30233,11930,eurasia,FALSE,FALSE,octo_EA8946-206-AT.Hohe,Doc_EA-8946-2_06,octo_EA8946-206,octo_EA8946-206,AT.Hohe,octo,EA8946_2_06,,Austria,"Hohe Tauern, Ankogelgruppe",inner Pölla valley below Ochsenhütte and towards Lanischseen,1727,47.39555556,10.00027778,8/23/09,4,C1
NHMO,O-DP-8170,DNA extract,Pernille Bronken Eidesen,,Dryas,octopetala,,octo_ODP8170,octo_FrAlps,5O1,,octo_EU,octo_EU,,,Octo,2060552,2054725,1459669,595056,45615,26465,0.004894,0.001823,23940,8556,eurasia,TRUE,TRUE,octo_ODP8170-FR.Isere,8170_oct_FR-AR,octo_ODP8170,octo_ODP8170,FR.Isere,octo,ODP8170,,France,Isére,"Isère, 21 km E of Grenoble, S of La Boutiere, top of ridge W of Lac de Crop. 2100 - 2300 m.",,45.208333,5.975,6/22/03,2,A10
NHMO,O-DP-8160,DNA extract,Pernille Bronken Eidesen,,Dryas,octopetala,,octo_ODP8160,,,,,,,,,4916415,4903452,3658600,1244852,48481,33509,0.007043,0.001291,27709,10775,eurasia,FALSE,FALSE,octo_ODP8160-FR.Isere,8160_oct_FR-AR,octo_ODP8160,octo_ODP8160,FR.Isere,octo,ODP8160,,France,Isére,"Isère, 21 km E of Grenoble, S of La Boutiere, top of ridge W of Lac de Crop. 2100 - 2300 m.",,45.208333,5.975,6/22/03,1,F04
BABY,BABY-06558,sheet,B.A. Bennett et al.,08-0218,Dryas,alaskensis,,alas_BABY6558,alas_Interior,7AIH-ali,,ajas_alan,AIH,,,AIH,2521389,2511178,1312426,1198752,47639,25447,0.005472,0.001977,23352,7951,NA,TRUE,TRUE,alas_BABY6558-CA.YT.Ivvavik,BB6558_ala_CA-YT,alas_BABY6558,alas_BABY6558,CA.YT.Ivvavik,alas,BABY6558,,Canada,Yukon Territory,"Ivvavik National Park, Joe Creek drainage, alpine ridge",886,69.02162,-140.61177,19-Jul-08,3,F8
BABY,BABY-06544,sheet,B.A. Bennett et al.,08-0455,Dryas,ajanensis,beringensis,ajan_BABY6544,,,,,,,,,3064413,3034052,1565732,1468320,52933,28563,0.006703,0.00163,25843,9266,NA,FALSE,FALSE,ajan_BABY6544-CA.YT.Ivvavik,BB6544_aja_CA-YT,ajan_BABY6544,ajan_BABY6544,CA.YT.Ivvavik,ajan,BABY6544,,Canada,Yukon Territory,"Ivvavik National Park, Mount Conybeare",579,69.48007,-140.03851,26-Jul-08,3,E8
NHMO,O-DP-7815,Tissue,Peter Schönswetter & Andreas Tribsch,,Dryas,octopetala,,octo_ODP7815,,,,,,,,,2207301,2200518,1629891,570627,45391,28137,0.005864,0.001797,25693,9346,eurasia,FALSE,FALSE,octo_ODP7815-AT.Karnten,7815_oct_AT,octo_ODP7815,octo_ODP7815,AT.Karnten,octo,ODP7815,,Austria,Kärnten,"Kärnten, Karawanken, W-Kamm (von P. 1626) und Gipfelbereich der Loibler Baba. 1626 - 1969 m.",,46.438889,14.299167,7/5/03,2,C8
NHMO,O-DP-43223,DNA extract,M. Chiboshvili,,Dryas,caucasica,,cauc_ODP43223,cauc,2C,cauc,cauc,cauc,2C,cauc,Oxyd,4216950,4203109,3032395,1170714,46142,30919,0.004448,0.001446,25638,9469,eurasia,TRUE,TRUE,cauc_ODP43223-GE.Kazbegi,43223_cau_GE,cauc_ODP43223,cauc_ODP43223,GE.Kazbegi,cauc,ODP43223,,Georgia,Kazbegi,"Kazbegi area, gorge of river Tergi, c. 600 m E of river Targmani, slope of Kuro range. 2250 m.",,42.655694,44.660222,7/15/04,1,H06
NHMO,O-DP-43226,DNA extract,M. Chiboshvili,,Dryas,caucasica,,cauc_ODP43226,cauc,2C,cauc,cauc,cauc,2C,cauc,Oxyd,4276002,4262886,3109596,1153290,46608,30516,0.004814,0.001569,25042,9225,eurasia,TRUE,TRUE,cauc_ODP43226-GE.Kazbegi,43226_cau_GE,cauc_ODP43226,cauc_ODP43226,GE.Kazbegi,cauc,ODP43226,,Georgia,Kazbegi,"Kazbegi area, gorge of river Tergi, c. 600 m E of river Targmani, slope of Kuro range. 2250 m.",,42.655694,44.660222,7/15/04,1,A07
NHMO,O-DP-43219,DNA extract,M. Chiboshvili,,Dryas,caucasica,,cauc_ODP43219,cauc,2C,,cauc,cauc,,,Oxyd,4573346,4554111,3209705,1344406,47047,29511,0.003786,0.001369,24468,8864,eurasia,TRUE,TRUE,cauc_ODP43219-GE.Kazbegi,43219_cau_GE,cauc_ODP43219,cauc_ODP43219,GE.Kazbegi,cauc,ODP43219,,Georgia,Kazbegi,"Kazbegi area, gorge of river Tergi, c. 600 m E of river Targmani, slope of Kuro range. 2250 m.",,42.655694,44.660222,7/15/04,1,H10
NHMO,O-DP-43221,DNA extract,M. Chiboshvili,,Dryas,caucasica,,cauc_ODP43221,cauc,2C,,cauc,cauc,,,Oxyd,4022148,4012009,3027338,984671,42085,30123,0.004827,0.001502,24703,8904,eurasia,TRUE,TRUE,cauc_ODP43221-GE.Kazbegi,43221_cau_GE,cauc_ODP43221,cauc_ODP43221,GE.Kazbegi,cauc,ODP43221,,Georgia,Kazbegi,"Kazbegi area, gorge of river Tergi, c. 600 m E of river Targmani, slope of Kuro range. 2250 m.",,42.655694,44.660222,7/15/04,1,G06
BABY,BABY-06104,sheet,B.A. Bennett et al.,07-0122,Dryas,drummondii,,drum_BABY6104,drum,1D,,drum,drum,,,drum,3367622,3336465,1772392,1564073,44895,26839,0.001669,0.001683,25145,9521,drummondii,TRUE,TRUE,drum_BABY6104-CA.YT.Keele,BB6104_dru_CA-YT,drum_BABY6104,drum_BABY6104,CA.YT.Keele,drum,BABY6104,,Canada,Yukon Territory,Keele Range,536,66.98336,-140.78209,3-Jul-07,3,H7
BABY,BABY-06523,sheet,B.A. Bennett et al.,07-0102,Dryas,incisa,,inci_BABY6523,,,,,,,,,3903888,3868338,2729130,1139208,48325,30333,0.006753,0.001409,28013,9929,NA,FALSE,FALSE,inci_BABY6523-CA.YT.Keele,BB6523_inc_CA-YT,inci_BABY6523,inci_BABY6523,CA.YT.Keele,inci,BABY6523,,Canada,Yukon Territory,Keele Range,783,66.96724,-140.80138,4-Jul-07,3,D8
BABY,BABY-06522B,sheet,B.A. Bennett et al.,07-0098b,Dryas,integrifolia,integrifolia,intg_BABY6522B,,,,,,,,,2998717,2990184,2411928,578256,42854,28723,0.006196,0.001779,26662,9309,NA,FALSE,FALSE,intg_BABY6522B-CA.YT.Keele,B6522B_int_CA-YT,intg_BABY6522B,intg_BABY6522B,CA.YT.Keele,intg,BABY6522B,,Canada,Yukon Territory,Keele Range,536,66.98336,-140.78209,3-Jul-07,3,C8
BABY,BABY-06522A,sheet,B.A. Bennett et al.,07-0098a,Dryas,integrifolia x alaskensis,,intxala_BABY6522A,,,,,,,,,3205153,3189861,2420413,769448,46799,30415,0.009311,0.001808,25121,9343,NA,FALSE,FALSE,intxala_BABY6522A-CA.YT.Keele,B6522A_int_CA-YT,intxala_BABY6522A,intxala_BABY6522A,CA.YT.Keele,intxala,BABY6522A,,Canada,Yukon Territory,Keele Range,536,66.98336,-140.78209,3-Jul-07,3,B8
KRAM,KRAM,DNA extract,O.Belkina,,Dryas,octopetala,,octo_KOL04,octo_Khibyny,9O3,octo_RU_SJ,octo_RU_SJ,octo_RU_SJ,9O3,octo_RU_SJ,Punc,6403335,6319050,3861326,2457724,53232,30879,0.006005,0.00154,28304,10258,eurasia,TRUE,TRUE,octo_KOL04-RU.KhibynyMts,Doc_KOL_04,octo_KOL04,octo_KOL04,RU.KhibynyMts,octo,KOL_04,,Russian Federation,Murmansk Oblast,Khibyny Mts. NE slope of Vudjavrchorr Mt.,,67.64709,33.65179,8/29/18,4,B12
KRAM,KRAM,DNA extract,O.Belkina,,Dryas,octopetala,,octo_KOL02,octo_Khibyny,9O3,,octo_RU_SJ,octo_RU_SJ,,,Punc,5334417,5150679,1912463,3238216,59220,29382,0.005904,0.001836,26063,9624,eurasia,TRUE,TRUE,octo_KOL02-RU.KhibynyMts,Doc_KOL_02,octo_KOL02,octo_KOL02,RU.KhibynyMts,octo,KOL_02,,Russian Federation,Murmansk Oblast,Khibyny Mts. NE slope of Vudjavrchorr Mt.,,67.64199,33.65208,8/29/18,4,D7
KRAM,KRAM,DNA extract,O.Belkina,,Dryas,octopetala,,octo_KOL03,octo_Khibyny,9O3,,octo_RU_SJ,octo_RU_SJ,,,Punc,5172749,4993242,2258474,2734768,53424,29057,0.005799,0.001872,25855,9631,eurasia,TRUE,TRUE,octo_KOL03-RU.KhibynyMts,Doc_KOL_03,octo_KOL03,octo_KOL03,RU.KhibynyMts,octo,KOL_03,,Russian Federation,Murmansk Oblast,Khibyny Mts. NE slope of Vudjavrchorr Mt.,,67.64709,33.65179,8/29/18,4,E7
KRAM,KRAM,DNA extract,O.Belkina,,Dryas,octopetala,,octo_KOL01,,,,,,,,,,,,,,,,,,,,FALSE,FALSE,,Doc_KOL_01,,,RU.KhibynyMts,octo,KOL_01,clone of KOL_02,Russian Federation,Murmansk Oblast,Khibyny Mts. NE slope of Vudjavrchorr Mt.,,67.64199,33.65208,8/29/18,4,C7
BABY,F,sheet,B.A. Bennett et al.,17-0426,Dryas,ajanensis,,ajan_BABY581,,,,,,,,,2317800,2312112,1766081,546031,43248,27414,0.005942,0.002139,25194,8553,NA,FALSE,FALSE,ajan_BABY581-CA.YT.Kluane,BB581_aja_CA-YT,ajan_BABY581,ajan_BABY581,CA.YT.Kluane,ajan,BABY581,,Canada,Yukon Territory,"Kluane National Park, Dusty Mountain",1666,60.48226667,-138.1896528,18-Jul-17,3,F7
BABY,BABY-11273,sheet,B.A. Bennett et al.,19-0139,Dryas,ajanensis,,ajan_11273b,,,,,,,,,3199272,3188372,2298778,889594,45050,30766,0.007026,0.001669,28175,10457,NA,FALSE,FALSE,ajan_11273b-CA.YT.Kluane,11273b_hoo_CA-YT,ajan_11273b,ajan_11273b,CA.YT.Kluane,ajan,11273b,,Canada,Yukon Territory,"Kluane National Park, Hoge Pass",1815,61.3020389,-139.5219722,10-Jul-19,3,F5
BABY,BABY-11273,sheet,B.A. Bennett et al.,19-0139,Dryas,ajanensis,,ajan_BABY11273,,,,,,,,,3980731,3970491,2906469,1064022,46179,32523,0.009133,0.00148,26444,9744,NA,FALSE,FALSE,ajan_BABY11273-CA.YT.Kluane,BB11273_hoo_CA-YT,ajan_BABY11273,ajan_BABY11273,CA.YT.Kluane,ajan,BABY11273,,Canada,Yukon Territory,"Kluane National Park, Hoge Pass",1815,61.3020389,-139.5219722,10-Jul-19,1,G11
BABY,BABY-05187,sheet,B.A. Bennett et al.,05-0537,Dryas,ajanensis,beringensis,ajan_BABY5187,,,,,,,,,3182894,3154484,1895029,1259455,54111,29418,0.00841,0.001843,24897,9098,NA,FALSE,FALSE,ajan_BABY5187-CA.YT.Knorr,BB5187_aja_CA-YT,ajan_BABY5187,ajan_BABY5187,CA.YT.Knorr,ajan,BABY5187,,Canada,Yukon Territory,"Knorr Range, Lakes at headwaters of Noisy Creek",746,65.50379679,-134.3853045,10-Jul-05,3,A7
NHMO,O-DP-43180,DNA extract,Maxim Kapralov & Dorothee Ehrich,,Dryas,octopetala,,octo_ODP43180,,,,,,,,,4023449,4013929,3021563,992366,45243,30671,0.00784,0.001434,24977,9067,eurasia,FALSE,FALSE,octo_ODP43180-RU.Komi,43180_oct_RU-KO,octo_ODP43180,octo_ODP43180,RU.Komi,octo,ODP43180,,Russian Federation,Komi ASSR,"Komi ASSR, Yugyd-Va National Park, Balbanyu valley around the huts Sana-Vozh"" and towards confluence of rivers Balbanyu and Kozhim. 380 m.""",,65.341,60.712,6/29/04,1,G10
NHMO,O-DP-8193,DNA extract,"Inger Greve Alsos, Andreas Tribsch & Elena Shobnitsina",,Dryas,octopetala,,octo_ODP8193,octo_Nenets,9O3,,octo_RU_SJ,octo_RU_SJ,,,Punc,2606080,2596474,1880834,715640,43680,27512,0.005825,0.001647,25118,9113,eurasia,TRUE,TRUE,octo_ODP8193-RU.Komi,8193_oct_RU-KO,octo_ODP8193,octo_ODP8193,RU.Komi,octo,ODP8193,,Russian Federation,Komi ASSR,"Komi ASSR, Yugyd-Va National Park, Balbanyu valley around the huts Sana-Vozh"" and towards confluence of rivers Balbanyu and Kozhim. 400 m.""",,65.341,60.712,6/29/04,2,E10
NHMO,O-DP-8620,Tissue,Olvier Gilg & Sabard,,Dryas,sp,,sp_ODP8620,,,,,,,,,2916374,2904177,1943033,961144,49694,28875,0.006602,0.001846,26353,9765,both,FALSE,FALSE,sp_ODP8620-GL.NE.KCX,8620_sp_GL-NE,sp_ODP8620,sp_ODP8620,GL.NE.KCX,sp,ODP8620,,Greenland,NE Greenland,"Kong Christian X's Land, Eskimonaes.",,74.1,-21.333333,8/31/04,3,H1
KRAM,KRAM,DNA extract,A. Delimat,,Dryas,octopetala,,octo_BOB06,octo_sCarp,6O2carp,,octo_Carp_MK,octo_Carp_MK,,,Octo,8537621,8408199,6077811,2330388,52891,33839,0.004598,0.001038,31517,12166,eurasia,TRUE,TRUE,octo_BOB06-BG.Stara,Doc_BOB_06,octo_BOB06,octo_BOB06,BG.Stara,octo,BOB_06,,Bulgaria,Centralna Stara Planina,"Kozia Stena reserve, NE ridge of Mt. Boba",1660,42.7906,24.5417,,4,H3
KRAM,KRAM,DNA extract,M. Ronikier,,Dryas,octopetala,,octo_BOB13,octo_sCarp,6O2carp,,octo_Carp_MK,octo_Carp_MK,,,Octo,7319552,7187565,3992556,3195009,57798,35059,0.004609,0.001358,31069,12745,eurasia,TRUE,TRUE,octo_BOB13-BG.Stara,Doc_BOB_13,octo_BOB13,octo_BOB13,BG.Stara,octo,BOB_13,,Bulgaria,Centralna Stara Planina,"Kozia Stena reserve, NE ridge of Mt. Boba",1660,42.7906,24.5417,,4,A4
NHMO,O-DP-43166,DNA extract,Peter Schönswetter & Michal Ronikier,,Dryas,octopetala,,octo_ODP43166,octo_wCarp,6O2carp,,octo_Carp_MK,octo_Carp_MK,,,Octo,3755496,3742604,2445615,1296989,51185,29456,0.007135,0.00142,23587,8465,eurasia,TRUE,TRUE,octo_ODP43166-PL.TatraMts,43166_oct_PL,octo_ODP43166,octo_ODP43166,PL.TatraMts,octo,ODP43166,,Poland,Krakow,"Krakow, Tatra Mts., Kobylarzowy Zleb gully (N slope of Czerwone Wierchy massif). 1500 m.",,49.244444,19.913056,6/27/04,1,F10
NHMO,O-DP-43168,DNA extract,Peter Schönswetter & Michal Ronikier,,Dryas,octopetala,,octo_ODP43168,octo_wCarp,6O2carp,,octo_Carp_MK,octo_Carp_MK,,,Octo,3149129,3143731,2083253,1060478,49903,30201,0.006762,0.001726,25175,9282,eurasia,TRUE,TRUE,octo_ODP43168-PL.TatraMts,43168_oct_PL,octo_ODP43168,octo_ODP43168,PL.TatraMts,octo,ODP43168,,Poland,Krakow,"Krakow, Tatra Mts., Kobylarzowy Zleb gully (N slope of Czerwone Wierchy massif). 1500 m.",,49.244444,19.913056,6/27/04,1,C06
NHMO,O-DP-43172,DNA extract,Peter Schönswetter & Michal Ronikier,,Dryas,octopetala,,octo_ODP43172,octo_wCarp,6O2carp,,octo_Carp_MK,octo_Carp_MK,,,Octo,2602075,2595196,1900651,694545,45054,28864,0.005469,0.001848,26358,9630,eurasia,TRUE,TRUE,octo_ODP43172-PL.TatraMts,43172_oct_PL,octo_ODP43172,octo_ODP43172,PL.TatraMts,octo,ODP43172,,Poland,Krakow,"Krakow, Tatra Mts., Kobylarzowy Zleb gully (N slope of Czerwone Wierchy massif). 1500 m.",,49.244444,19.913056,6/27/04,3,A3
NHMO,O-DP-43175,DNA extract,Peter Schönswetter & Michal Ronikier,,Dryas,octopetala,,octo_ODP43175,,,,,,,,,4480158,4466946,3242785,1224161,46192,33138,0.007178,0.00147,27758,10802,eurasia,FALSE,FALSE,octo_ODP43175-PL.TatraMts,43175_oct_PL,octo_ODP43175,octo_ODP43175,PL.TatraMts,octo,ODP43175,,Poland,Krakow,"Krakow, Tatra Mts., Kobylarzowy Zleb gully (N slope of Czerwone Wierchy massif). 1500 m.",,49.244444,19.913056,6/27/04,1,D06
F,RMNP,Tissue,D.M. White,725,Dryas,hookeriana,,hook_DW725,,,,,,,,,3396129,3380466,2407010,973456,44645,30275,0.00585,0.001495,27774,10129,NA,FALSE,FALSE,hook_DW725-US.CO.LarimerCo,DW725_hoo_US-CO,hook_DW725,hook_DW725,US.CO.LarimerCo,hook,DW725,,United States of America,Colorado,Larimer County. Rocky Mountain National Park. 100-300 m along Ute trail west of Trail Ridge Road Visitor Center.,"3,557",40.4387982,-105.7622352,"Aug. 13, 2021",3,G11
F,RMNP,Tissue,D.M. White,732,Dryas,hookeriana,,hook_DW732,,,,,,,,,3818479,3805030,2857130,947900,44520,30068,0.005596,0.001554,27760,10149,NA,FALSE,FALSE,hook_DW732-US.CO.LarimerCo,DW732_hoo_US-CO,hook_DW732,hook_DW732,US.CO.LarimerCo,hook,DW732,,United States of America,Colorado,Larimer County. Rocky Mountain National Park. 100-300 m along Ute trail west of Trail Ridge Road Visitor Center.,"3,648",40.4334125,-105.769293,"Aug. 13, 2021",3,H11
F,RMNP,Tissue,D.M. White,737,Dryas,hookeriana,,hook_DW737,,,,,,,,,3342523,3331842,2478228,853614,43781,28987,0.005721,0.001678,26915,9691,NA,FALSE,FALSE,hook_DW737-US.CO.LarimerCo,DW737_hoo_US-CO,hook_DW737,hook_DW737,US.CO.LarimerCo,hook,DW737,,United States of America,Colorado,Larimer County. Rocky Mountain National Park. Near Gore Ridge Overlook above Trail Ridge Road Visitor Center.,"3,648",40.4334125,-105.769293,"Aug. 13, 2021",3,A12
NHMO,O-DP-7982,DNA extract,Per Larsson,,Dryas,octopetala,,octo_ODP7982,,,,,,,,,2981579,2969311,2206386,762925,46663,30674,0.006917,0.001666,28262,10530,eurasia,FALSE,FALSE,octo_ODP7982-SE.Latujavagge,7982_oct_SE-NB,octo_ODP7982,octo_ODP7982,SE.Latujavagge,octo,ODP7982,,Sweden,Latujavagge,"Latujavagge, 250-500m SE of Latnajaure.",,68.35,18.48,8/2/03,2,G8
NHMO,O-DP-7986,DNA extract,Per Larsson,,Dryas,octopetala,,octo_ODP7986,,,,,,,,,1866422,1862118,1455802,406316,44186,28334,0.006318,0.001923,25785,9931,eurasia,FALSE,FALSE,octo_ODP7986-SE.Latujavagge,7986_oct_SE-NB,octo_ODP7986,octo_ODP7986,SE.Latujavagge,octo,ODP7986,,Sweden,Latujavagge,"Latujavagge, 250-500m SE of Latnajaure.",,68.35,18.48,8/2/03,2,H8
NHMO,O-DP-7992,DNA extract,Per Larsson,,Dryas,octopetala,,octo_ODP7992,,,,,,,,,3762467,3754669,2967584,787085,46636,30969,0.007714,0.001436,24942,9210,eurasia,FALSE,FALSE,octo_ODP7992-SE.Latujavagge,7992_oct_SE-NB,octo_ODP7992,octo_ODP7992,SE.Latujavagge,octo,ODP7992,,Sweden,Latujavagge,"Latujavagge, 250-500m SE of Latnajaure.",,68.35,18.48,8/2/03,1,D03
KRAM,KRAM,DNA extract,M. Ronikier,,Dryas,octopetala,,octo_END01,octo_SJ,9O3,octo_RU_SJ,octo_RU_SJ,octo_RU_SJ,9O3,octo_RU_SJ,Punc,10321978,10137976,6998067,3139909,54244,35446,0.006291,0.001063,33098,13418,eurasia,TRUE,TRUE,octo_END01-NO.SJ.Longyearbyen,Doc_END_01,octo_END01,octo_END01,NO.SJ.Longyearbyen,octo,END_01,,Norway,Svalbard,"Longyearbyen area, Endalen, low part of valley, left (NW) side",,78.18875,15.78259,26.08.2015,4,G11
KRAM,KRAM,DNA extract,M. Ronikier,,Dryas,octopetala,,octo_END03,octo_SJ,9O3,octo_RU_SJ,octo_RU_SJ,octo_RU_SJ,9O3,octo_RU_SJ,Punc,7553863,7445011,4857983,2587028,48628,32530,0.005817,0.001144,30048,11142,eurasia,TRUE,TRUE,octo_END03-NO.SJ.Longyearbyen,Doc_END_03,octo_END03,octo_END03,NO.SJ.Longyearbyen,octo,END_03,,Norway,Svalbard,"Longyearbyen area, Endalen, low part of valley, left (NW) side",,78.18875,15.78259,26.08.2015,4,A12
KRAM,KRAM,DNA extract,M. Ronikier,,Dryas,octopetala,,octo_END02,,,,,,,,,8755931,8637819,5985805,2652014,50743,35014,0.00642,0.001077,32483,12614,eurasia,FALSE,FALSE,octo_END02-NO.SJ.Longyearbyen,Doc_END_02,octo_END02,octo_END02,NO.SJ.Longyearbyen,octo,END_02,,Norway,Svalbard,"Longyearbyen area, Endalen, low part of valley, left (NW) side",,78.18875,15.78259,26.08.2015,4,H11
BABY,BABY-10073,sheet,B.A. Bennett et al.,13-0483,Dryas,incisa,,inci_BABY10073,,,,,,,,,4314194,4287494,2716394,1571100,52263,31334,0.009352,0.001463,24889,8625,NA,FALSE,FALSE,inci_BABY10073-CA.NT.Mackenzie,BB10073_inc_CA-NT,inci_BABY10073,inci_BABY10073,CA.NT.Mackenzie,inci,BABY10073,,Canada,Northwest Territories,"Mackenzie Mountains, Shattered Range cirque, Site G",1660,64.57065,-128.71538,12-Aug-13,1,D11
BABY,BABY-10075,sheet,B.A. Bennett et al.,13-0482,Dryas,integrifolia,sylvatica,intgsyl_BABY10075,,,,,,,,,4216124,4200236,2268109,1932127,48396,31255,0.008047,0.001443,23900,8258,NA,FALSE,FALSE,intgsyl_BABY10075-CA.NT.Mackenzie,BB10075_int_CA-NT,intgsyl_BABY10075,intgsyl_BABY10075,CA.NT.Mackenzie,intgsyl,BABY10075,,Canada,Northwest Territories,"Mackenzie Mountains, Shattered Range cirque, Site G",1660,64.57065,-128.71538,12-Aug-13,1,E11
KRAM,KRAM,DNA extract,M. Ronikier,,Dryas,octopetala,,octo_ROZ03,octo_wCarp,6O2carp,,octo_Carp_MK,octo_Carp_MK,,,Octo,8892177,8424068,2143080,6280988,74575,29235,0.00462,0.001313,24858,9520,eurasia,TRUE,TRUE,octo_ROZ03-SK.MalaFatraMts,Doc_ROZ_03,octo_ROZ03,octo_ROZ03,SK.MalaFatraMts,octo,ROZ_03,,Slovakia,Western Carpathians,"Mala Fatra Mts., Vel'ky Rozsutec, N and E slopes below summit",1610,49.2314,19.0986,14.06.2009,4,C2
KRAM,KRAM,DNA extract,M. Ronikier,,Dryas,octopetala,,octo_ROZ10,octo_wCarp,6O2carp,,octo_Carp_MK,octo_Carp_MK,,,Octo,8752253,8501552,4583215,3918337,66966,31837,0.004699,0.00114,28943,11080,eurasia,TRUE,TRUE,octo_ROZ10-SK.MalaFatraMts,Doc_ROZ_10,octo_ROZ10,octo_ROZ10,SK.MalaFatraMts,octo,ROZ_10,,Slovakia,Western Carpathians,"Mala Fatra Mts., Vel'ky Rozsutec, N and E slopes below summit",1610,49.2314,19.0986,14.06.2009,4,D2
KRAM,KRAM,DNA extract,M. Ronikier,,Dryas,octopetala,,octo_SMO11,octo_wCarp,6O2carp,octo_Carp_MK,octo_Carp_MK,octo_Carp_MK,6O2,octo_Carp_MK,Octo,9705203,9575469,7384618,2190851,49389,34805,0.003756,0.001044,32899,12847,eurasia,TRUE,TRUE,octo_SMO11-PL.PieninyMts,Doc_SMO_11,octo_SMO11,octo_SMO11,PL.PieninyMts,octo,SMO_11,,Poland,Western Carpathians,"Małe Pieniny, Smolegowa Skała",730,49.4031,20.575,07.06.2009,4,G2
KRAM,KRAM,DNA extract,M. Ronikier,,Dryas,octopetala,,octo_SMO12,octo_wCarp,6O2carp,octo_Carp_MK,octo_Carp_MK,octo_Carp_MK,6O2,octo_Carp_MK,Octo,9716160,9561975,6832012,2729963,57757,34707,0.003994,0.001024,32446,13201,eurasia,TRUE,TRUE,octo_SMO12-PL.PieninyMts,Doc_SMO_12,octo_SMO12,octo_SMO12,PL.PieninyMts,octo,SMO_12,,Poland,Western Carpathians,"Małe Pieniny, Smolegowa Skała",730,49.4031,20.575,07.06.2009,4,H2
KRAM,KRAM,DNA extract,M. Ronikier,,Dryas,octopetala,,octo_MEN05,,,,,,,,,8920276,8798791,6507072,2291719,49495,33536,0.005334,0.001077,31313,11747,eurasia,FALSE,FALSE,octo_MEN05-SK.Tatry,Doc_MEN_05,octo_MEN05,octo_MEN05,SK.Tatry,octo,MEN_05,,Slovakia,Western Carpathians,Mengusovska dolina,1935,49.1719,20.0628,28.09.2009,4,E2
KRAM,KRAM,DNA extract,M. Ronikier,,Dryas,octopetala,,octo_MEN13,,,,,,,,,10074207,9869947,6553372,3316575,57232,36024,0.005638,0.001036,33610,13577,eurasia,FALSE,FALSE,octo_MEN13-SK.Tatry,Doc_MEN_13,octo_MEN13,octo_MEN13,SK.Tatry,octo,MEN_13,,Slovakia,Western Carpathians,Mengusovska dolina,1935,49.1719,20.0628,28.09.2009,4,F2
NHMO,O-DP-8577,DNA extract,Olivier Gilg,,Dryas,indet.,,sp_ODP8577,,,,,,,,,2782242,2773415,1887565,885850,49429,28654,0.006172,0.001835,26282,9628,both,FALSE,FALSE,sp_ODP8577-GL.E.Mastersvig,8577_sp_GL-E,sp_ODP8577,sp_ODP8577,GL.E.Mastersvig,sp,ODP8577,,Greenland,NE Greenland,"Mestersvig, NW for runway.",,72.240031,-23.906314,8/21/03,3,B1
NHMO,O-DP-8583,DNA extract,Olivier Gilg,,Dryas,indet.,,sp_ODP8583,,,,,,,,,2632237,2622345,1476199,1146146,53689,28310,0.007441,0.001834,23991,8769,both,FALSE,FALSE,sp_ODP8583-GL.E.Mastersvig,8583_sp_GL-E,sp_ODP8583,sp_ODP8583,GL.E.Mastersvig,sp,ODP8583,,Greenland,NE Greenland,"Mestersvig, NW for runway.",,72.240031,-23.906314,8/21/03,3,C1
BABY,F,sheet,B.A. Bennett et al.,17-0301,Dryas,drummondii,,drum_BABY63,drum,1D,drum,drum,drum,1D,drum,drum,3432445,3400302,2269907,1130395,44767,27725,0.00189,0.00153,26204,10354,drummondii,TRUE,TRUE,drum_BABY63-CA.YT.BeatonMt,BB63_dru_CA-YT,drum_BABY63,drum_BABY63,CA.YT.BeatonMt,drum,BABY63,,Canada,Yukon Territory,Mount Beaton,1513,60.04218611,-137.0716556,13-Jul-17,3,A8
BABY,BABY-06568,sheet,B.A. Bennett et al.,07-0052,Dryas,ajanensis,beringensis,ajan_BABY6568,,,,,,,,,3659096,3634280,2374892,1259388,49844,29365,0.006847,0.001716,26817,9442,NA,FALSE,FALSE,ajan_BABY6568-CA.YT.KlotzMt,BB6568_aja_CA-YT,ajan_BABY6568,ajan_BABY6568,CA.YT.KlotzMt,ajan,BABY6568,,Canada,Yukon Territory,Mount Klotz area,1205,65.36507,-140.1853,23-Jun-07,3,G8
BABY,F,sheet,B.A. Bennett et al.,20-0076,Dryas,ajanensis,beringensis,ajan_BABY109,,,,,,,,,3981051,3970130,2577277,1392853,51183,29757,0.008236,0.001476,24321,8580,NA,FALSE,FALSE,ajan_BABY109-CA.YT.NansenMt,BB109_ala_CA-YT,ajan_BABY109,ajan_BABY109,CA.YT.NansenMt,ajan,BABY109,,Canada,Yukon Territory,Mount Nansen,1628,62.09865278,-137.3893139,6-Aug-20,1,F11
BABY,F,sheet,B.A. Bennett et al.,20-0076,Dryas,ajanensis,beringensis,ajan_BABY76,,,,,,,,,3577473,3560055,2578107,981948,45199,29722,0.006449,0.001533,27258,9863,NA,FALSE,FALSE,ajan_BABY76-CA.YT.NansenMt,BB76_aja_CA-YT,ajan_BABY76,ajan_BABY76,CA.YT.NansenMt,ajan,BABY76,,Canada,Yukon Territory,Mount Nansen,1628,62.09865278,-137.3893139,6-Aug-20,3,B9
NHMO,O-DP-8425,DNA extract,"Inger Skrede, Siri Kjølner & Leidulf Lund",,Dryas,octopetala,,octo_ODP8425,,,,,,,,,4550838,4536412,3275008,1261404,51907,33048,0.006683,0.001464,28042,11090,eurasia,FALSE,FALSE,octo_ODP8425-IS.NE.Hverfjall,8425_oct_IS,octo_ODP8425,octo_ODP8425,IS.NE.Hverfjall,octo,ODP8425,,Iceland,Northeastern Region,"Myvatn, By the exit to the volcano Hverfjall. 290 m.",,65.6105,-16.916861,7/8/02,1,F05
NHMO,O-DP-8428,DNA extract,"Inger Skrede, Siri Kjølner & Leidulf Lund",,Dryas,octopetala,,octo_ODP8428,,,,,,,,,3794365,3787748,2692502,1095246,48349,29750,0.005395,0.001436,23766,8759,eurasia,FALSE,FALSE,octo_ODP8428-IS.NE.Hverfjall,8428_oct_IS,octo_ODP8428,octo_ODP8428,IS.NE.Hverfjall,octo,ODP8428,,Iceland,Northeastern Region,"Myvatn, By the exit to the volcano Hverfjall. 290 m.",,65.6105,-16.916861,7/8/02,1,C10
NHMO,O-DP-8388,DNA extract,"Inger Skrede, Siri Kjølner & Leidulf Lund",,Dryas,octopetala,,octo_ODP8388,octo_neIceland,5O1,,octo_EU,octo_EU,,,Octo,2284740,2276478,1694877,581601,45371,29429,0.00379,0.001702,27180,10099,eurasia,TRUE,TRUE,octo_ODP8388-IS.NE.Akureyri,8388_oct_IS,octo_ODP8388,octo_ODP8388,IS.NE.Akureyri,octo,ODP8388,,Iceland,Northeastern Region,"N Iceland, Akureyri, Behind the camping, Husabrekka, on the eastside of the Eyjafjord. 200 m.",,65.690222,-18.034389,7/6/02,2,B11
KRAM,KRAM,DNA extract,M. Ronikier,,Dryas,octopetala,,octo_EA9049-301,octo_AT,5O1,,octo_EU,octo_EU,,,Octo,8760339,8625409,5932082,2693327,51274,34590,0.005507,0.00117,31834,12215,eurasia,TRUE,TRUE,octo_EA9049-301-AT.Gurktaler,Doc_EA-9049-3_01,octo_EA9049-301,octo_EA9049-301,AT.Gurktaler,octo,EA9049_3_01,,Austria,Gurktaler Alpen,N slopes of Gruft (near Turracher Höhe),2129.857143,46.91414667,13.93348,22.08.2009,4,D1
KRAM,KRAM,DNA extract,M. Ronikier,,Dryas,octopetala,,octo_EA9049-305,octo_AT,5O1,,octo_EU,octo_EU,,,Octo,8998960,8878699,6164427,2714272,56704,35508,0.005474,0.00114,32838,13290,eurasia,TRUE,TRUE,octo_EA9049-305-AT.Gurktaler,Doc_EA-9049-3_05,octo_EA9049-305,octo_EA9049-305,AT.Gurktaler,octo,EA9049_3_05,,Austria,Gurktaler Alpen,N slopes of Gruft (near Turracher Höhe),2129.857143,46.91414667,13.93348,22.08.2009,4,E1
KRAM,KRAM,DNA extract,M. Ronikier,,Dryas,octopetala,,octo_KVA05,,,,,,,,,7545303,7447140,5235180,2211960,47426,33551,0.005112,0.001103,31059,12063,eurasia,FALSE,FALSE,octo_KVA05-ME.Komovi,Doc_KVA_05,octo_KVA05,octo_KVA05,ME.Komovi,octo,KVA_05,,Montenegro,Komovi,N slopes of Kom Vasojevički,1900,42.6972,19.6742,12.08.2009,4,A3
KRAM,KRAM,DNA extract,M. Ronikier,,Dryas,octopetala,,octo_KVA12,,,,,,,,,9979665,9845129,6847080,2998049,55080,34685,0.00501,0.001107,32288,12808,eurasia,FALSE,FALSE,octo_KVA12-ME.Komovi,Doc_KVA_12,octo_KVA12,octo_KVA12,ME.Komovi,octo,KVA_12,,Montenegro,Komovi,N slopes of Kom Vasojevički,1900,42.6972,19.6742,12.08.2009,4,B3
KRAM,KRAM,DNA extract,M. Ronikier,,Dryas,octopetala,,octo_KVA19,,,,,,,,,10086004,9922509,6408316,3514193,58305,35587,0.005745,0.001086,32917,13402,eurasia,FALSE,FALSE,octo_KVA19-ME.Komovi,Doc_KVA_19,octo_KVA19,octo_KVA19,ME.Komovi,octo,KVA_19,,Montenegro,Komovi,N slopes of Kom Vasojevički,1900,42.6972,19.6742,12.08.2009,4,C3
KRAM,KRAM,DNA extract,M. Ronikier,,Dryas,octopetala,,octo_JOT02,,,,,,,,,7582265,7264378,3223081,4041297,59846,28789,0.0028,0.001338,26294,9742,eurasia,FALSE,FALSE,octo_JOT02-NO.Jotunheimen,Doc_JOT_02,octo_JOT02,octo_JOT02,NO.Jotunheimen,octo,JOT_02,,Norway,Jotunheimen,"NE of Bovertun, slope above the road",,61.642,8.0603,08.09.2012,4,F10
KRAM,KRAM,DNA extract,M. Ronikier,,Dryas,octopetala,,octo_JOT03,,,,,,,,,9491073,8850595,1269423,7581172,75110,23614,0.0054,0.001305,18937,7082,eurasia,FALSE,FALSE,octo_JOT03-NO.Jotunheimen,Doc_JOT_03,octo_JOT03,octo_JOT03,NO.Jotunheimen,octo,JOT_03,,Norway,Jotunheimen,"NE of Bovertun, slope above the road",,61.642,8.0603,08.09.2012,4,G10
KRAM,KRAM,DNA extract,M. Ronikier,,Dryas,octopetala,,octo_JOT04,,,,,,,,,10567083,10024838,3413488,6611350,74686,29567,0.004264,0.001147,26115,9736,eurasia,FALSE,FALSE,octo_JOT04-NO.Jotunheimen,Doc_JOT_04,octo_JOT04,octo_JOT04,NO.Jotunheimen,octo,JOT_04,,Norway,Jotunheimen,"NE of Bovertun, slope above the road",,61.642,8.0603,08.09.2012,4,H10
NHMO,O-DP-8605,DNA extract,Olivier Gilg,,Dryas,sp,,sp_ODP8605,,,,,,,,,2220515,2215419,1675715,539704,44692,28897,0.005186,0.002448,26646,10340,both,FALSE,FALSE,sp_ODP8605-GL.NE.Borgefjord,8605_sp_GL-N,sp_ODP8605,sp_ODP8605,GL.NE.Borgefjord,sp,ODP8605,,Greenland,NE Greenland,"NE, Borgefjord (Dove Bugt).",,76.6985,-21.813683,8/16/03,3,F1
NHMO,O-DP-8609,DNA extract,Olivier Gilg,,Dryas,sp,,sp_ODP8609,,,,,,,,,3121122,3110024,2375725,734299,45669,30897,0.006515,0.001715,28451,10434,both,FALSE,FALSE,sp_ODP8609-GL.NE.Borgefjord,8609_sp_GL-N,sp_ODP8609,sp_ODP8609,GL.NE.Borgefjord,sp,ODP8609,,Greenland,NE Greenland,"NE, Borgefjord (Dove Bugt).",,76.6985,-21.813683,8/16/03,3,G1
NHMO,O-DP-8593,DNA extract,Olivier Gilg,,Dryas,integrifolia,,sp_ODP8593,intg_nGL,7AIH-iglak,AIH,intg_nGL_Nslope,AIH,7AIH-iglak,,AIH,2988030,2980687,2402196,578491,42552,27992,0.004194,0.001799,26141,9575,NA,TRUE,TRUE,sp_ODP8593-GL.N.Centrum,8593_sp_GL-N,sp_ODP8593,sp_ODP8593,GL.N.Centrum,intg,ODP8593,,Greenland,NE Greenland,NE.Centrum So.,,80.14495,-22.664517,8/3/03,3,D1
NHMO,O-DP-8598,DNA extract,Olivier Gilg,,Dryas,integrifolia,,sp_ODP8598,intg_nGL,7AIH-iglak,AIH,intg_nGL_Nslope,AIH,7AIH-iglak,AIH,AIH,2711480,2705777,2173710,532067,42616,29695,0.004535,0.001861,27757,10596,NA,TRUE,TRUE,sp_ODP8598-GL.N.Centrum,8598_sp_GL-N,sp_ODP8598,sp_ODP8598,GL.N.Centrum,intg,ODP8598,,Greenland,NE Greenland,NE.Centrum So.,,80.14495,-22.664517,8/3/03,3,E1
NHMO,O-DP-43229,DNA extract,Dorothee Ehrich,,Dryas,octopetala,,octo_ODP43229,octo_Nenets,9O3,,octo_RU_SJ,octo_RU_SJ,,,Punc,2950509,2940225,2145179,795046,46219,28986,0.00573,0.001819,26703,9655,eurasia,TRUE,TRUE,octo_ODP43229-RU.Nenets,43229_oct_RU-NN,octo_ODP43229,octo_ODP43229,RU.Nenets,octo,ODP43229,,Russian Federation,Nenets AO,"Nenetsky AO, Malozemelskaya tundra, Nenetskaya Gryada, close to the shore of Korovinskaya Guba. 30 m.",,68.336,53.3,6/24/04,3,D3
NHMO,O-DP-43232,DNA extract,Dorothee Ehrich,,Dryas,octopetala,,octo_ODP43232,octo_Nenets,9O3,,octo_RU_SJ,octo_RU_SJ,,,Punc,1216514,1214722,896413,318309,41665,23933,0.006944,0.001994,19999,7049,eurasia,TRUE,TRUE,octo_ODP43232-RU.Nenets,43232_oct_RU-NN,octo_ODP43232,octo_ODP43232,RU.Nenets,octo,ODP43232,,Russian Federation,Nenets AO,"Nenetsky AO, Malozemelskaya tundra, Nenetskaya Gryada, close to the shore of Korovinskaya Guba. 30 m.",,68.336,53.3,6/24/04,1,B11
NHMO,O-DP-7484,Tissue,"Michael Burzynski, Inger Greve Alsos and Anne Krag Brysting",,Dryas,drummondii,,drum_ODP7484,drum,1D,,drum,drum,,,drum,2686696,2676071,2061685,614386,40246,26879,0.001968,0.001599,25577,9610,drummondii,TRUE,TRUE,drum_ODP7484-CA.NL.HumberRv,7484_dru_CA-NL,drum_ODP7484,drum_ODP7484,CA.NL.HumberRv,drum,ODP7484,,Canada,Newfoundland and Labrador,"Newfoundland and Labrador, Newfoundland, Humber River. Cultivated in Michael Burzynski's garden.",,48.987496,-57.712493,8/7/04,2,G2
NHMO,O-DP-7658,Tissue,Inger Greve Alsos and Anne Krag Brysting,,Dryas,integrifolia,,intg_ODP7658,intg_CAswGL,7AIH-iglca,,intg_CAswGL,AIH,,,AIH,2248021,2233268,1466689,766579,46211,27675,0.004407,0.001683,25424,9316,NA,TRUE,TRUE,intg_ODP7658-CA.NL.EddieCove,7658_int_CA-NL,intg_ODP7658,intg_ODP7658,CA.NL.EddieCove,intg,ODP7658,,Canada,Newfoundland and Labrador,"Newfoundland and Labrador, Newfoundland, Northern Peninsula, Eddis Cove West. Along beach between village and the first headland to the west. Fine calcareous gravel, upp. 3 m.",,50.753,-57.187,8/3/04,2,A8
NHMO,O-DP-7659,Tissue,Inger Greve Alsos and Anne Krag Brysting,,Dryas,integrifolia,,intg_ODP7659,intg_CAswGL,7AIH-iglca,,intg_CAswGL,AIH,,,AIH,2238667,2231812,1755256,476556,42520,28326,0.004129,0.00175,26161,9384,NA,TRUE,TRUE,intg_ODP7659-CA.NL.EddieCove,7659_int_CA-NL,intg_ODP7659,intg_ODP7659,CA.NL.EddieCove,intg,ODP7659,,Canada,Newfoundland and Labrador,"Newfoundland and Labrador, Newfoundland, Northern Peninsula, Eddis Cove West. Along beach between village and the first headland to the west. Fine calcareous gravel, upp. 3 m.",,50.753,-57.187,8/3/04,2,B8
BABY,F,sheet,B.A. Bennett et al.,20-0058,Dryas,ajanensis,beringensis,ajan_BABY1282,,,,,,,,,3971850,3961486,2991150,970336,44812,30251,0.007733,0.001455,24683,8463,NA,FALSE,FALSE,ajan_BABY1282-CA.YT.Nisling,BB1282_ala_CA-YT,ajan_BABY1282,ajan_BABY1282,CA.YT.Nisling,ajan,BABY1282,,Canada,Yukon Territory,"Nisling Range, south of Nisling River",1562,61.8148583,-137.79605,8-Aug-20,1,A12
NHMO,O-DP-8229,DNA extract,KW,,Dryas,octopetala,,octo_ODP8229,,,,,,,,,4064634,4053157,2990426,1062731,49463,31794,0.006427,0.001399,25811,9707,eurasia,FALSE,FALSE,octo_ODP8229-NO.NordTrondelag,8229_oct_NO-NT,octo_ODP8229,octo_ODP8229,NO.NordTrondelag,octo,ODP8229,,Norway,Nord-Trondelag,"Nord-Trøndelag, Leka, Vassdalen. 100 m.",,65.045278,11.589444,7/8/02,1,C09
NHMO,O-DP-8237,DNA extract,KW,,Dryas,octopetala,,octo_ODP8237,,,,,,,,,4032480,4024450,3207432,817018,45114,30869,0.006207,0.001389,25205,9382,eurasia,FALSE,FALSE,octo_ODP8237-NO.NordTrondelag,8237_oct_NO-NT,octo_ODP8237,octo_ODP8237,NO.NordTrondelag,octo,ODP8237,,Norway,Nord-Trondelag,"Nord-Trøndelag, Leka, Vassdalen. 100 m.",,65.045278,11.589444,7/8/02,1,D09
NHMO,O-DP-8372,Tissue,KW,,Dryas,octopetala,,octo_ODP8372,,,,,,,,,4593928,4570216,3026837,1543379,55341,31302,0.00663,0.001358,25434,9557,eurasia,FALSE,FALSE,octo_ODP8372-NO.Nordland,8372_oct_NO-NO,octo_ODP8372,octo_ODP8372,NO.Nordland,octo,ODP8372,,Norway,Nordland,"Nordland, Andøy, Røyken. 350 m.",,69.28,16.433333,8/22/02,1,H09
NHMO,O-DP-8377,DNA extract,KW,,Dryas,octopetala,,octo_ODP8377,,,,,,,,,3938929,3929466,2932347,997119,49062,31340,0.007108,0.001406,25089,9342,eurasia,FALSE,FALSE,octo_ODP8377-NO.Nordland,8377_oct_NO-NO,octo_ODP8377,octo_ODP8377,NO.Nordland,octo,ODP8377,,Norway,Nordland,"Nordland, Andøy, Røyken. 350 m.",,69.28,16.433333,8/22/02,1,A10
NHMO,O-DP-8478,Tissue,Andreas Tribsch,,Dryas,octopetala,,octo_ODP8478,,,,,,,,,2576724,2566258,1849094,717164,48560,29213,0.005758,0.001689,26610,9643,eurasia,FALSE,FALSE,octo_ODP8478-AT.Kalkapen,8478_oct_AT,octo_ODP8478,octo_ODP8478,AT.Kalkapen,octo,ODP8478,,Austria,Nordöstliche Kalkalpen,"Nordöstliche Kalkalpen, Steiermark, Rax, Umgebung der Heukuppe. 1800 m.",,47.691667,15.691667,8/25/02,2,H11
KRAM,KRAM,DNA extract,M. Ronikier,,Dryas,octopetala,,octo_THV03,octo_sIceland,5O1,octo_EU,octo_EU,octo_EU,5O1,octo_EU,Octo,7593199,7494474,5328872,2165602,50648,34112,0.004133,0.00126,31992,12775,eurasia,TRUE,TRUE,octo_THV03-IS.Southern,Doc_THV_03,octo_THV03,octo_THV03,IS.Southern,octo,THV_03,,Iceland,Southern Peninsula,"North of Þingvellir, E side of road no 52 (Uxahryggjavegur)",,64.3873,-20.9755,,4,D8
KRAM,KRAM,DNA extract,M. Ronikier,,Dryas,octopetala,,octo_THV01,octo_sIceland,5O1,,octo_EU,octo_EU,,,Octo,7366209,7285229,5571540,1713689,48717,33000,0.003947,0.001202,31074,12260,eurasia,TRUE,TRUE,octo_THV01-IS.Southern,Doc_THV_01,octo_THV01,octo_THV01,IS.Southern,octo,THV_01,,Iceland,Southern Peninsula,"North of Þingvellir, E side of road no 52 (Uxahryggjavegur)",,64.3873,-20.9755,,4,C8
KRAM,KRAM,DNA extract,M. Ronikier,,Dryas,octopetala,,octo_THV05,octo_sIceland,5O1,,octo_EU,octo_EU,,,Octo,7165419,6992488,4054683,2937805,60938,32583,0.003863,0.001333,29894,12059,eurasia,TRUE,TRUE,octo_THV05-IS.Southern,Doc_THV_05,octo_THV05,octo_THV05,IS.Southern,octo,THV_05,,Iceland,Southern Peninsula,"North of Þingvellir, E side of road no 52 (Uxahryggjavegur)",,64.3873,-20.9755,,4,E8
NHMO,O-DP-8018,DNA extract,Maxim Kapralov,,Dryas,octopetala,,octo_ODP8018,,,,,,,,,4349822,4337618,3263536,1074082,47009,32611,0.00886,0.001343,26600,9864,eurasia,FALSE,FALSE,octo_ODP8018-RU.N.Ural,8018_oct_RU-SV,octo_ODP8018,octo_ODP8018,RU.N.Ural,octo,ODP8018,,Russian Federation,Sverdlovsk,"North Ural, Denezhkin Kamen Rock. 1000 - 1200 m.",,60.433333,59.55,7/1/02,1,F03
NHMO,O-DP-8025,DNA extract,Maxim Kapralov,,Dryas,octopetala,,octo_ODP8025,,,,,,,,,3723942,3714534,2716013,998521,48097,29753,0.008247,0.001455,23659,8470,eurasia,FALSE,FALSE,octo_ODP8025-RU.N.Ural,8025_oct_RU-SV,octo_ODP8025,octo_ODP8025,RU.N.Ural,octo,ODP8025,,Russian Federation,Sverdlovsk,"North Ural, Denezhkin Kamen Rock. 1000 - 1200 m.",,60.433333,59.55,7/1/02,1,G03
NHMO,O-DP-59289,DNA extract,Olivier Gilg,,Dryas,integrifolia,,sp_ODP59289,intg_nGL,7AIH-iglak,AIH,intg_nGL_Nslope,AIH,7AIH-iglak,AIH,AIH,3203621,3193190,2533970,659220,42755,28823,0.004524,0.001706,26861,9754,NA,TRUE,TRUE,sp_ODP59289-GL.N.Nansen,59289_sp_GL-N,sp_ODP59289,sp_ODP59289,GL.N.Nansen,intg,ODP59289,,Greenland,NE Greenland,North. Nansen Land (coast).,,82.958833,-41.44875,7/29/03,3,H4
NHMO,O-DP-59155,DNA extract,Olivier Gilg,,Dryas,integrifolia,,sp_ODP59155,intg_nGL,7AIH-iglak,,intg_nGL_Nslope,AIH,,,AIH,2362770,2357613,1898964,458649,41436,27732,0.004919,0.001967,25645,9426,NA,TRUE,TRUE,sp_ODP59155-GL.N.Nansen,59155_sp_GL-N,sp_ODP59155,sp_ODP59155,GL.N.Nansen,intg,ODP59155,,Greenland,NE Greenland,North. Nansen Land (coast).,,82.958833,-41.44875,7/29/03,3,G4
NHMO,O-DP-7599,Tissue,Patric Kuss & Donald A. Walker?,,Dryas,integrifolia,,intg_ODP7599,,,,,,,,,2829900,2816957,2081055,735902,45243,29892,0.006849,0.001577,27066,9748,NA,FALSE,FALSE,intg_ODP7599-CA.NT.Inuvik,7599_int_CA-NT,intg_ODP7599,intg_ODP7599,CA.NT.Inuvik,intg,ODP7599,,Canada,Northwest Territory,"Northwest Territory, Inuvik.",,68.326025,-133.611165,7/13/04,2,D6
NHMO,O-DP-7604,Tissue,Patric Kuss & Donald A. Walker?,,Dryas,integrifolia,,intg_ODP7604,,,,,,,,,2707326,2694767,2037434,657333,44724,29301,0.006419,0.00158,26842,9604,NA,FALSE,FALSE,intg_ODP7604-CA.NT.Inuvik,7604_int_CA-NT,intg_ODP7604,intg_ODP7604,CA.NT.Inuvik,intg,ODP7604,,Canada,Northwest Territory,"Northwest Territory, Inuvik.",,68.326025,-133.611165,7/13/04,2,E6
NHMO,O-DP-7653,Tissue,Carolyn Mallory,,Dryas,integrifolia,,intg_ODP7653,intg_CAswGL,7AIH-iglca,AIH,intg_CAswGL,AIH,7AIH-iglca,AIH,AIH,3015249,3000908,2338963,661945,44653,29810,0.004883,0.001598,27504,10134,NA,TRUE,TRUE,intg_ODP7653-CA.NU.Baffin,7653_int_CA-NU,intg_ODP7653,intg_ODP7653,CA.NU.Baffin,intg,ODP7653,,Canada,Nunavut,"Nunavut, Baffin Island; Iqaluit, not far from Aqsarniit Middle School, on flat, dry, rocky land.",,63.75,-68.51,7/22/03,2,G7
NHMO,O-DP-7656,Tissue,Carolyn Mallory,,Dryas,integrifolia,,intg_ODP7656,intg_CAswGL,7AIH-iglca,,intg_CAswGL,AIH,,,AIH,2660066,2648433,2102166,546267,43773,28541,0.00457,0.001658,26487,9302,NA,TRUE,TRUE,intg_ODP7656-CA.NU.Baffin,7656_int_CA-NU,intg_ODP7656,intg_ODP7656,CA.NU.Baffin,intg,ODP7656,,Canada,Nunavut,"Nunavut, Baffin Island; Iqaluit, not far from Aqsarniit Middle School, on flat, dry, rocky land.",,63.75,-68.51,7/22/03,2,H7
NHMO,O-DP-7579,Tissue,Kristine Westergaard,,Dryas,integrifolia,,intg_ODP7579,,,,,,,,,2579945,2571393,1903252,668141,42955,26895,0.006284,0.001736,24435,8701,NA,FALSE,FALSE,intg_ODP7579-CA.NU.DepotBay,7579_int_CA-NU,intg_ODP7579,intg_ODP7579,CA.NU.DepotBay,intg,ODP7579,,Canada,Nunavut,"Nunavut, Depot Bay, On the dry ridges. 5 m.",,72.933333,-94.23,8/7/04,2,C6
NHMO,O-DP-7461,Tissue,Kristine Westergaard,,Dryas,integrifolia,,intg_ODP7461,intg_nGL,7AIH-iglak,,intg_nGL_Nslope,AIH,,,AIH,2343588,2336576,1717839,618737,43378,26897,0.005417,0.001765,24567,8728,NA,TRUE,TRUE,intg_ODP7461-GL.NW.Qaanaaq,7461_int_GL-NW,intg_ODP7461,intg_ODP7461,GL.NW.Qaanaaq,intg,ODP7461,,Greenland,Avannaata,"NW. Qaanaaq, Dundas Bay. 10 m.",,76.567222,-68.793333,7/29/04,2,E2
NHMO,O-DP-7465,Tissue,Kristine Westergaard,,Dryas,integrifolia,,intg_ODP7465,intg_nGL,7AIH-iglak,,intg_nGL_Nslope,AIH,,,AIH,2820604,2806417,1900798,905619,48197,28708,0.005691,0.001618,26117,9416,NA,TRUE,TRUE,intg_ODP7465-GL.NW.Qaanaaq,7465_int_GL-NW,intg_ODP7465,intg_ODP7465,GL.NW.Qaanaaq,intg,ODP7465,,Greenland,Avannaata,"NW. Qaanaaq, Dundas Bay. 10 m.",,76.567222,-68.793333,7/29/04,2,F2
NHMO,O-DP-7460,Tissue,Kristine Westergaard,,Dryas,integrifolia,,intg_ODP7460,,,,,,,,,,,,,,,,,,,,FALSE,FALSE,,7460_int_GL-NW,,,GL.NW.Qaanaaq,intg,ODP7460,mislabel,Greenland,Avannaata,"NW. Qaanaaq, Dundas Bay. 10 m.",,76.567222,-68.793333,7/29/04,2,D2
NHMO,O-DP-7528,Tissue,H.Solstad & R.Elven,,Dryas,integrifolia,,intg_ODP7528,intg_nGL,7AIH-iglak,,intg_nGL_Nslope,AIH,,,AIH,2715947,2703445,2076110,627335,43720,28939,0.005619,0.001656,26725,9234,NA,TRUE,TRUE,intg_ODP7528-GL.NW.Thule,7528_int_GL-NW,intg_ODP7528,intg_ODP7528,GL.NW.Thule,intg,ODP7528,,Greenland,Avannaata,NW. Thule Air Force Base.,,76.583333,-68.5,7/21/05,2,D4
NHMO,O-DP-7529,Tissue,H.Solstad & R.Elven,,Dryas,integrifolia,,intg_ODP7529,intg_nGL,7AIH-iglak,,intg_nGL_Nslope,AIH,,,AIH,2602154,2591868,1887546,704322,43821,28616,0.004206,0.001708,26200,9211,NA,TRUE,TRUE,intg_ODP7529-GL.NW.Thule,7529_int_GL-NW,intg_ODP7529,intg_ODP7529,GL.NW.Thule,intg,ODP7529,,Greenland,Avannaata,NW. Thule Air Force Base.,,76.583333,-68.5,7/21/05,2,E4
KRAM,KRAM,DNA extract,M. Ronikier,,Dryas,octopetala,,octo_OFE02,,,,,,,,,7627162,7419789,3782801,3636988,64098,31555,0.00525,0.001308,28550,10553,eurasia,FALSE,FALSE,octo_OFE02-CH.Ofenpass,Doc_OFE_02,octo_OFE02,octo_OFE02,CH.Ofenpass,octo,OFE_02,,Switzerland,Central Alps,Ofenpass,,46.639,10.292,,4,D9
KRAM,KRAM,DNA extract,M. Ronikier,,Dryas,octopetala,,octo_OFE03,,,,,,,,,3319061,3263310,1438246,1825064,52381,26148,0.004604,0.002034,23492,8542,eurasia,FALSE,FALSE,octo_OFE03-CH.Ofenpass,Doc_OFE_03,octo_OFE03,octo_OFE03,CH.Ofenpass,octo,OFE_03,,Switzerland,Central Alps,Ofenpass,,46.639,10.292,,4,E9
KRAM,KRAM,DNA extract,M. Ronikier,,Dryas,ajanensis cf.,,ajancf_DEN01,,,,,,,,,6661205,6583241,4705057,1878184,50181,33936,0.009847,0.001572,27810,11110,NA,FALSE,FALSE,ajancf_DEN01-US.AK.AKmtsS,Doc_DEN_01,ajancf_DEN01,ajancf_DEN01,US.AK.AKmtsS,ajancf,DEN_01,,United States of America,Alaska,On Hwy 8 between Cantwell and Paxson,1576,63.0451,-147.134,25.07.2009,4,F7
KRAM,KRAM,DNA extract,M. Ronikier,,Dryas,ajanensis cf.,,ajancf_DEN06,,,,,,,,,8840573,8719662,6511034,2208628,48484,34860,0.006649,0.001237,32247,12825,NA,FALSE,FALSE,ajancf_DEN06-US.AK.AKmtsS,Doc_DEN_06,ajancf_DEN06,ajancf_DEN06,US.AK.AKmtsS,ajancf,DEN_06,,United States of America,Alaska,On Hwy 8 between Cantwell and Paxson,1576,63.0451,-147.134,25.07.2009,4,G7
KRAM,KRAM,DNA extract,M. Ronikier,,Dryas,ajanensis cf.,,ajancf_DEN15,,,,,,,,,8992914,8841549,6417601,2423948,51948,34662,0.00647,0.001272,32061,12557,NA,FALSE,FALSE,ajancf_DEN15-US.AK.AKmtsS,Doc_DEN_15,ajancf_DEN15,ajancf_DEN15,US.AK.AKmtsS,ajancf,DEN_15,,United States of America,Alaska,On Hwy 8 between Cantwell and Paxson,1576,63.0451,-147.134,25.07.2009,4,H7
NHMO,O-DP-8206,DNA extract,Pernille Bronken,,Dryas,octopetala,,octo_ODP8206,,,,,,,,,4151723,4140457,2951781,1188676,48873,31179,0.006863,0.00141,25793,9750,eurasia,FALSE,FALSE,octo_ODP8206-NO.Oppland,8206_oct_NO-OP,octo_ODP8206,octo_ODP8206,NO.Oppland,octo,ODP8206,,Norway,Oppland,"Oppland, Lom, Along road between Vassenden (Høydalsvatnet) and RV55.",,61.651667,8.125,6/25/02,1,B09
NHMO,O-DP-26005,Tissue,A.L.S. Gustafsson,,Dryas,octopetala,,octo_ODP26005,,,,,,,,,2695441,2682365,1763068,919297,49667,28196,0.004862,0.001838,26011,9571,eurasia,FALSE,FALSE,octo_ODP26005-NO.Oppland,26005_oct_NO-OP,octo_ODP26005,octo_ODP26005,NO.Oppland,octo,ODP26005,,Norway,Oppland,"Oppland, Lom, Bøverdalen, on gravel pit, next to the road. Near Bøvetun turiststation – Snipen. Pioneer vegetation. Northwest facing slope. 950 m.",,61.641583,8.060472,8/19/09,3,E2
KRAM,KRAM,DNA extract,M. Ronikier,,Dryas,octopetala,,octo_BAK02,octo_MK,6O2carp,octo_Carp_MK,octo_Carp_MK,octo_Carp_MK,6O2,,Octo,8274214,8102277,5878607,2223670,49078,34036,0.005051,0.001276,31959,12605,eurasia,TRUE,TRUE,octo_BAK02-MK.SarPlanina,Doc_BAK_02,octo_BAK02,octo_BAK02,MK.SarPlanina,octo,BAK_02,,North Macedonia,Sar-Planina,Pass between Titov Vrv and Bakardan,2500,41.9878,20.8083,,4,E3
KRAM,KRAM,DNA extract,M. Ronikier,,Dryas,octopetala,,octo_BAK01,octo_MK,6O2carp,,octo_Carp_MK,octo_Carp_MK,,,Octo,7704368,7574857,5429534,2145323,49350,33419,0.004993,0.001219,31015,11838,eurasia,TRUE,TRUE,octo_BAK01-MK.SarPlanina,Doc_BAK_01,octo_BAK01,octo_BAK01,MK.SarPlanina,octo,BAK_01,,North Macedonia,Sar-Planina,Pass between Titov Vrv and Bakardan,2500,41.9878,20.8083,,4,D3
NHMO,O-DP-8099,Tissue,Vladimir Vladimirov,,Dryas,octopetala,,octo_ODP8099,octo_sCarp,6O2carp,,octo_Carp_MK,octo_Carp_MK,,,Octo,2145716,2138428,1578771,559657,43477,27328,0.004774,0.001762,25013,8869,eurasia,TRUE,TRUE,octo_ODP8099-BG.Pirin,8099_oct_BG,octo_ODP8099,octo_ODP8099,BG.Pirin,octo,ODP8099,,Bulgaria,Pirin,"Pirin, beneath the peak of Vihren. 2700 m.",,41.75,23.4,7/21/04,2,E9
NHMO,O-DP-8108,Tissue,Vladimir Vladimirov,,Dryas,octopetala,,octo_ODP8108,octo_sCarp,6O2carp,,octo_Carp_MK,octo_Carp_MK,,,Octo,2574303,2562604,1891806,670798,45081,29634,0.004784,0.001624,27152,9823,eurasia,TRUE,TRUE,octo_ODP8108-BG.Pirin,8108_oct_BG,octo_ODP8108,octo_ODP8108,BG.Pirin,octo,ODP8108,,Bulgaria,Pirin,"Pirin, beneath the peak of Vihren. 2700 m.",,41.75,23.4,7/21/04,2,F9
NHMO,O-DP-7796,DNA extract,Gerald M. Schneeweiß & Peter Schönswetter,,Dryas,octopetala,,octo_ODP7796,,,,,,,,,4202544,4194846,3307659,887187,44598,31698,0.006058,0.001456,26260,10031,eurasia,FALSE,FALSE,octo_ODP7796-FR.Pyrenees.Cent,7796_oct_FR-PA,octo_ODP7796,octo_ODP7796,FR.Pyrenees.Cent,octo,ODP7796,,France,Pyrenees,"Pyrenees, Central Pyrenees, surroundings of El Portalet, from the saddle to the Col d'Anéou. 1790 - 2240 m.",,42.812052,-0.430108,7/25/03,1,D08
NHMO,O-DP-7797,DNA extract,Gerald M. Schneeweiß & Peter Schönswetter,,Dryas,octopetala,,octo_ODP7797,,,,,,,,,4169201,4158652,3088122,1070530,48242,33970,0.007089,0.001402,27723,10535,eurasia,FALSE,FALSE,octo_ODP7797-FR.Pyrenees.Cent,7797_oct_FR-PA,octo_ODP7797,octo_ODP7797,FR.Pyrenees.Cent,octo,ODP7797,,France,Pyrenees,"Pyrenees, Central Pyrenees, surroundings of El Portalet, from the saddle to the Col d'Anéou. 1790 - 2240 m.",,42.812052,-0.430108,7/25/03,1,G02
NHMO,O-DP-8653,Tissue,Serge Brodeur,,Dryas,integrifolia,,intg_ODP8653,intg_CAswGL,7AIH-iglca,,intg_CAswGL,AIH,,,AIH,3236825,3225666,2573874,651792,43950,29245,0.005119,0.001755,26963,9602,NA,TRUE,TRUE,intg_ODP8653-CA.QC.Gaspesie,8653_int_CA-QC,intg_ODP8653,intg_ODP8653,CA.QC.Gaspesie,intg,ODP8653,,Canada,Quebec,"Québec, Gaspespie, Parc Forillon.",,48.8985,-64.37273,8/25/03,3,D2
NHMO,O-DP-7499,Tissue,Inger Greve Alsos and Anne Krag Brysting,,Dryas,drummondii,,drum_ODP7499,drum,1D,,drum,drum,,,drum,2321137,2314372,1817176,497196,38768,26037,0.002187,0.001727,24520,9430,drummondii,TRUE,TRUE,drum_ODP7499-CA.QC.Gaspesie,7499_dru_CA-QC,drum_ODP7499,drum_ODP7499,CA.QC.Gaspesie,drum,ODP7499,,Canada,Quebec,"Quebec, The Haute-Gaspésie, Sainte-Anne-des-Monts, river Saint-Anne. Just next to Rue des Boisés. A c. 150-200 m x 20 m population on gravel on a river bank. 20 m.",,49.111512,-66.508362,8/14/04,2,D3
BABY,BABY-05649,sheet,B.A. Bennett et al.,06-0514,Dryas,integrifolia,sylvatica,intgsyl_BABY5649,,,,,,,,,,,,,,,,,,,,FALSE,FALSE,,REMOVED,,,CA.YT.Richardson,intgsyl,BABY5649,failedseq,Canada,Yukon Territory,"Richardson Mountains, Fish Creek",570,67.89909,-136.50255,4-Aug-06,3,C7
BABY,BABY-05748,sheet,B.A. Bennett et al.,06-0531,Dryas,incisa,,inci_BABY5748,,,,,,,,,1908974,1904019,1421572,482447,44272,27894,0.006053,0.002355,25234,9059,NA,FALSE,FALSE,inci_BABY5748-CA.YT.Richardson,BB5748_inc_CA-YT,inci_BABY5748,inci_BABY5748,CA.YT.Richardson,inci,BABY5748,,Canada,Yukon Territory,"Richardson Mountains, tributary of Fish Creek, S of Vunta Creek",612,67.89496,-136.50287,4-Aug-06,3,D7
NHMO,O-DP-8172,Tissue,Mihai Puscas,,Dryas,octopetala,,octo_ODP8172,octo_sCarp,6O2carp,,octo_Carp_MK,octo_Carp_MK,,,Octo,2531945,2519543,1819087,700456,44681,28582,0.003937,0.001659,26335,9464,eurasia,TRUE,TRUE,octo_ODP8172-RO.Rodnei,8172_oct_RO,octo_ODP8172,octo_ODP8172,RO.Rodnei,octo,ODP8172,,Romania,Southern Carpathians,"Rodnei Mts., Iezerul Lake. 1900 m.",,47.583333,24.633333,9/20/03,2,B10
NHMO,O-DP-8175,Tissue,Mihai Puscas,,Dryas,octopetala,,octo_ODP8175,octo_sCarp,6O2carp,,octo_Carp_MK,octo_Carp_MK,,,Octo,2149733,2143211,1595706,547505,42459,26733,0.003847,0.001831,24733,8944,eurasia,TRUE,TRUE,octo_ODP8175-RO.Rodnei,8175_oct_RO,octo_ODP8175,octo_ODP8175,RO.Rodnei,octo,ODP8175,,Romania,Southern Carpathians,"Rodnei Mts., Iezerul Lake. 1900 m.",,47.583333,24.633333,9/20/03,2,C10
NHMO,O-DP-8183,Tissue,Mihai Puscas,,Dryas,octopetala,,octo_ODP8183,octo_sCarp,6O2carp,,octo_Carp_MK,octo_Carp_MK,,,Octo,2160513,2152915,1636370,516545,43962,27747,0.004112,0.00177,25581,9200,eurasia,TRUE,TRUE,octo_ODP8183-RO.Rodnei,8183_oct_RO,octo_ODP8183,octo_ODP8183,RO.Rodnei,octo,ODP8183,,Romania,Southern Carpathians,"Rodnei Mts., Iezerul Lake. 1900 m.",,47.583333,24.633333,9/20/03,2,D10
NHMO,O-DP-63475,Tissue,Volodya Rhazzhivin,,Dryas,punctata,,punc_ODP63475,punc_CHU,8Pu,punc,punc,punc,8Pu,,Punc,3197241,3185568,2324287,861281,45482,30351,0.007358,0.001617,27669,10199,both,TRUE,TRUE,punc_ODP63475-RU.CHU.AnadyrS,63475_pun_RU-CK,punc_ODP63475,punc_ODP63475,RU.CHU.AnadyrS,punc,ODP63475,,Russian Federation,Chukotka,"S Chukotka. 15kms S of Anadyr city, hills with outcrops.",,64.628611,177.445278,8/20/04,3,E5
NHMO,O-DP-63467,Tissue,Volodya Rhazzhivin,,Dryas,punctata,,punc_ODP63467,,,,,,,,,2997406,2987649,2294742,692907,45448,30851,0.007359,0.001738,28446,10522,both,FALSE,FALSE,punc_ODP63467-RU.CHU.AnadyrS,63467_pun_RU-CK,punc_ODP63467,punc_ODP63467,RU.CHU.AnadyrS,punc,ODP63467,,Russian Federation,Chukotka,"S Chukotka. 15kms S of Anadyr city, hills with outcrops.",,64.628611,177.445278,8/20/04,3,C5
NHMO,O-DP-63471,Tissue,Volodya Rhazzhivin,,Dryas,punctata,,punc_ODP63471,,,,,,,,,3143456,3123347,2362785,760562,45659,29695,0.007056,0.001837,27231,10054,both,FALSE,FALSE,punc_ODP63471-RU.CHU.AnadyrS,63471_pun_RU-CK,punc_ODP63471,punc_ODP63471,RU.CHU.AnadyrS,punc,ODP63471,,Russian Federation,Chukotka,"S Chukotka. 15kms S of Anadyr city, hills with outcrops.",,64.628611,177.445278,8/20/04,3,D5
KRAM,KRAM,DNA extract,M. Ronikier,,Dryas,ajanensis cf.,,ajancf_SLM05,ajan_Seward,7AIH-ajs,AIH,ajas_alan,AIH,7AIH-ajs,AIH,AIH,8794926,8556007,5471009,3084998,55369,33806,0.006579,0.001337,30983,11923,NA,TRUE,TRUE,ajancf_SLM05-US.AK.Seward.Nome,Doc_SLM_05,ajancf_SLM05,ajancf_SLM05,US.AK.Seward.Nome,ajancf,SLM_05,,United States of America,Alaska,Salmon Lake Campground,165,64.9178,-164.962,14.07.2009,4,H5
KRAM,KRAM,DNA extract,M. Ronikier,,Dryas,ajanensis cf.,,ajancf_SLM01,ajan_Seward,7AIH-ajs,,ajas_alan,AIH,,,AIH,9307620,9046717,5692433,3354284,58850,32426,0.005972,0.001246,30009,11278,NA,TRUE,TRUE,ajancf_SLM01-US.AK.Seward.Nome,Doc_SLM_01,ajancf_SLM01,ajancf_SLM01,US.AK.Seward.Nome,ajancf,SLM_01,,United States of America,Alaska,Salmon Lake Campground,165,64.9178,-164.962,14.07.2009,4,G5
KRAM,KRAM,DNA extract,M. Ronikier,,Dryas,ajanensis cf.,,ajancf_SLM10,ajan_Seward,7AIH-ajs,,ajas_alan,AIH,,,AIH,8302099,8194903,5939648,2255255,53856,33661,0.006192,0.001188,30664,11447,NA,TRUE,TRUE,ajancf_SLM10-US.AK.Seward.Nome,Doc_SLM_10,ajancf_SLM10,ajancf_SLM10,US.AK.Seward.Nome,ajancf,SLM_10,,United States of America,Alaska,Salmon Lake Campground,165,64.9178,-164.962,14.07.2009,4,A6
NHMO,O-DP-8488,Tissue,Peter Schönswetter,,Dryas,octopetala,,octo_ODP8488,,,,,,,,,2180214,2172898,1592782,580116,45279,27766,0.005217,0.001735,25329,9144,eurasia,FALSE,FALSE,octo_ODP8488-AT.Salzburg,8488_oct_AT,octo_ODP8488,octo_ODP8488,AT.Salzburg,octo,ODP8488,,Austria,Salzburg,"Salzburg, Hohe Tauern, Glockner-Gruppe, Karleiten 2.7 km ENE Ferleiten. 2240 m.",,47.166667,12.846111,8/26/02,2,A12
FLD,FLD15168,Tissue,R. McCauley,1494,Dryas,hookeriana,,hook_RM14945,hook_CO,7AIH-hCO,AIH,hook,AIH,7AIH-h,AIH,AIH,3558577,3541580,2548373,993207,43740,29977,0.003524,0.001566,27939,10061,NA,TRUE,TRUE,hook_RM14945-US.CO.SanJuanCo,14945_hoo_US-CO,hook_RM14945,hook_RM14945,US.CO.SanJuanCo,hook,RM14945,,United States of America,Colorado,"San Juan County. Rio Grande National Forest, Weminuche Wilderness, NE slope of Peak 13308 in the upper drainage of Starvation Gulch. Ca. 2.2 air km SE of old townsite of Beartown, along the Beartown Trail (Trail 869)",3822,37.705271,-107.49076,"Jul. 28, 2021",3,F12
FLD,FLD15168,Tissue,R. McCauley,1494,Dryas,hookeriana,,hook_RM14942,hook_CO,7AIH-hCO,,hook,AIH,,,AIH,3174908,3161498,2382403,779095,42977,28181,0.003289,0.001655,26493,9617,NA,TRUE,TRUE,hook_RM14942-US.CO.SanJuanCo,14942_hoo_US-CO,hook_RM14942,hook_RM14942,US.CO.SanJuanCo,hook,RM14942,,United States of America,Colorado,"San Juan County. Rio Grande National Forest, Weminuche Wilderness, NE slope of Peak 13308 in the upper drainage of Starvation Gulch. Ca. 2.2 air km SE of old townsite of Beartown, along the Beartown Trail (Trail 869)",3822,37.705271,-107.49076,"Jul. 28, 2021",3,C12
FLD,FLD15168,Tissue,R. McCauley,1494,Dryas,hookeriana,,hook_RM14946,hook_CO,7AIH-hCO,,hook,AIH,,,AIH,3405015,3388630,2449580,939050,43891,28960,0.00345,0.00156,26954,9711,NA,TRUE,TRUE,hook_RM14946-US.CO.SanJuanCo,14946_hoo_US-CO,hook_RM14946,hook_RM14946,US.CO.SanJuanCo,hook,RM14946,,United States of America,Colorado,"San Juan County. Rio Grande National Forest, Weminuche Wilderness, NE slope of Peak 13308 in the upper drainage of Starvation Gulch. Ca. 2.2 air km SE of old townsite of Beartown, along the Beartown Trail (Trail 869)",3822,37.705271,-107.49076,"Jul. 28, 2021",3,G12
FLD,FLD15168,Tissue,R. McCauley,1494,Dryas,hookeriana,,hook_RM14941,,,,,,,,,,,,,,,,,,,,FALSE,FALSE,,14941_hoo_US-CO,,,US.CO.SanJuanCo,hook,RM14941,clone of RM14945,United States of America,Colorado,"San Juan County. Rio Grande National Forest, Weminuche Wilderness, NE slope of Peak 13308 in the upper drainage of Starvation Gulch. Ca. 2.2 air km SE of old townsite of Beartown, along the Beartown Trail (Trail 869)",3822,37.705271,-107.49076,"Jul. 28, 2021",3,B12
FLD,FLD15168,Tissue,R. McCauley,1494,Dryas,hookeriana,,hook_RM14943,,,,,,,,,,,,,,,,,,,,FALSE,FALSE,,14943_hoo_US-CO,,,US.CO.SanJuanCo,hook,RM14943,clone of RM14942,United States of America,Colorado,"San Juan County. Rio Grande National Forest, Weminuche Wilderness, NE slope of Peak 13308 in the upper drainage of Starvation Gulch. Ca. 2.2 air km SE of old townsite of Beartown, along the Beartown Trail (Trail 869)",3822,37.705271,-107.49076,"Jul. 28, 2021",3,D12
FLD,FLD15168,Tissue,R. McCauley,1494,Dryas,hookeriana,,hook_RM14944,,,,,,,,,,,,,,,,,,,,FALSE,FALSE,,14944_hoo_US-CO,,,US.CO.SanJuanCo,hook,RM14944,clone of RM14945,United States of America,Colorado,"San Juan County. Rio Grande National Forest, Weminuche Wilderness, NE slope of Peak 13308 in the upper drainage of Starvation Gulch. Ca. 2.2 air km SE of old townsite of Beartown, along the Beartown Trail (Trail 869)",3822,37.705271,-107.49076,"Jul. 28, 2021",3,E12
NHMO,O-DP-7994,DNA extract,"I. Skrede, P. Bronken Eidesen",,Dryas,octopetala,,octo_ODP7994,,,,,,,,,2466160,2450056,1487051,963005,52458,28471,0.004161,0.001698,25779,9552,eurasia,FALSE,FALSE,octo_ODP7994-UK.SCT.Glencoe,7994_oct_GB-AB,octo_ODP7994,octo_ODP7994,UK.SCT.Glencoe,octo,ODP7994,,United Kingdom,Scotland,"Scotland, Glencoe, S of Glencoe village, N slope of Meall Mor. 370 - 420 m.",,56.578389,-5.083306,8/12/03,2,A9
NHMO,O-DP-8001,DNA extract,"I. Skrede, P. Bronken Eidesen",,Dryas,octopetala,,octo_ODP8001,,,,,,,,,3998586,3986852,2974792,1012060,49772,32225,0.006832,0.001399,26329,10049,eurasia,FALSE,FALSE,octo_ODP8001-UK.SCT.Glencoe,8001_oct_GB-AB,octo_ODP8001,octo_ODP8001,UK.SCT.Glencoe,octo,ODP8001,,United Kingdom,Scotland,"Scotland, Glencoe, S of Glencoe village, N slope of Meall Mor. 370 - 420 m.",,56.578389,-5.083306,8/12/03,1,E03
NHMO,O-DP-8005,DNA extract,"I. Skrede, P. Bronken Eidesen",,Dryas,octopetala,,octo_ODP8005,,,,,,,,,2620735,2607993,1845981,762012,51022,30087,0.00437,0.001623,27495,10329,eurasia,FALSE,FALSE,octo_ODP8005-UK.SCT.Glencoe,8005_oct_GB-AB,octo_ODP8005,octo_ODP8005,UK.SCT.Glencoe,octo,ODP8005,,United Kingdom,Scotland,"Scotland, Glencoe, S of Glencoe village, N slope of Meall Mor. 370 - 420 m.",,56.578389,-5.083306,8/12/03,2,B9
BABY,BABY-05065,sheet,B.A. Bennett et al.,05-0826,Dryas,integrifolia,sylvatica,intgsyl_BABY5065,,,,,,,,,3117624,3097792,1218831,1878961,62532,25103,0.006404,0.001867,22574,7891,NA,FALSE,FALSE,intgsyl_BABY5065-CA.YT.Shingle,BB5065_int_CA-YT,intgsyl_BABY5065,intgsyl_BABY5065,CA.YT.Shingle,intgsyl,BABY5065,,Canada,Yukon Territory,"Shingle Point area, mainland opposite SHIDRY",2,69.00361754,-137.5110351,30-Jul-05,3,H6
NHMO,O-DP-8033,DNA extract,Maxim Kapralov,,Dryas,octopetala,,octo_ODP8033,,,,,,,,,4763841,4746345,3352180,1394165,51742,31866,0.008471,0.001524,26086,9664,eurasia,FALSE,FALSE,octo_ODP8033-RU.YamaloNenets.S,8033_oct_RU-YN,octo_ODP8033,octo_ODP8033,RU.YamaloNenets.S,octo,ODP8033,,Russian Federation,Yamalo-Nenets AO,"South Yamal, Ercuta-yaha river.",,68.2,68.9,7/16/02,1,H03
NHMO,O-DP-8036,DNA extract,Maxim Kapralov,,Dryas,octopetala,,octo_ODP8036,,,,,,,,,4394196,4377073,2968566,1408507,50175,32196,0.010532,0.001491,24909,9335,eurasia,FALSE,FALSE,octo_ODP8036-RU.YamaloNenets.S,8036_oct_RU-YN,octo_ODP8036,octo_ODP8036,RU.YamaloNenets.S,octo,ODP8036,,Russian Federation,Yamalo-Nenets AO,"South Yamal, Ercuta-yaha river.",,68.2,68.9,7/16/02,1,A04
NHMO,O-DP-8039,DNA extract,Maxim Kapralov,,Dryas,octopetala,,octo_ODP8039,,,,,,,,,4399183,4387324,2961962,1425362,48422,31955,0.008915,0.001414,25875,9456,eurasia,FALSE,FALSE,octo_ODP8039-RU.YamaloNenets.S,8039_oct_RU-YN,octo_ODP8039,octo_ODP8039,RU.YamaloNenets.S,octo,ODP8039,,Russian Federation,Yamalo-Nenets AO,"South Yamal, Ercuta-yaha river.",,68.2,68.9,7/16/02,1,B04
NHMO,O-DP-7620,Tissue,Pernille Bronken,,Dryas,integrifolia,,intg_ODP7620,intg_CAswGL,7AIH-iglca,AIH,intg_CAswGL,AIH,7AIH-iglca,AIH,AIH,3115232,3097799,2289241,808558,45938,29461,0.003932,0.001653,27294,10008,NA,TRUE,TRUE,intg_ODP7620-GL.S.Narsarsuaq,7620_int_GL-S,intg_ODP7620,intg_ODP7620,GL.S.Narsarsuaq,intg,ODP7620,,Greenland,Kujalleq,"South. Narsarsuaq, Kuusauqdaalen, at the end of the road. 43 - 70 m.",,61.181278,-45.374417,7/18/02,2,H6
NHMO,O-DP-7623,Tissue,Pernille Bronken,,Dryas,integrifolia,,intg_ODP7623,intg_CAswGL,7AIH-iglca,,intg_CAswGL,AIH,,,AIH,2592008,2580987,1971194,609793,41755,28137,0.002774,0.00162,26245,9496,NA,TRUE,TRUE,intg_ODP7623-GL.S.Narsarsuaq,7623_int_GL-S,intg_ODP7623,intg_ODP7623,GL.S.Narsarsuaq,intg,ODP7623,,Greenland,Kujalleq,"South. Narsarsuaq, Kuusauqdaalen, at the end of the road. 43 - 70 m.",,61.181278,-45.374417,7/18/02,2,A7
KRAM,KRAM,DNA extract,M. Ronikier,,Dryas,octopetala,,octo_ABI01,,,,,,,,,3374994,3320025,2047626,1272399,44274,26641,0.004772,0.002023,24536,9126,eurasia,FALSE,FALSE,octo_ABI01-SE.Abisko,Doc_ABI_01,octo_ABI01,octo_ABI01,SE.Abisko,octo,ABI_01,,Sweden,Abisko,"Southern Abisko, Nuolja",,68.363,18.718,03.09.2012,4,A11
KRAM,KRAM,DNA extract,M. Ronikier,,Dryas,octopetala,,octo_ABI02,,,,,,,,,7287162,7144291,4678412,2465879,54189,31322,0.005374,0.001313,29216,11054,eurasia,FALSE,FALSE,octo_ABI02-SE.Abisko,Doc_ABI_02,octo_ABI02,octo_ABI02,SE.Abisko,octo,ABI_02,,Sweden,Abisko,"Southern Abisko, Nuolja",,68.363,18.718,03.09.2012,4,B11
KRAM,KRAM,DNA extract,M. Ronikier,,Dryas,octopetala,,octo_ABI03,,,,,,,,,7569078,7365813,4067233,3298580,58784,32005,0.005487,0.001409,28722,10853,eurasia,FALSE,FALSE,octo_ABI03-SE.Abisko,Doc_ABI_03,octo_ABI03,octo_ABI03,SE.Abisko,octo,ABI_03,,Sweden,Abisko,"Southern Abisko, Nuolja",,68.363,18.718,03.09.2012,4,C11
NHMO,O-DP-43158,Tissue,Peter Schönswetter & Ovidiu Paun,,Dryas,octopetala,,octo_ODP43158,octo_sCarp,6O2carp,,octo_Carp_MK,octo_Carp_MK,,,Octo,1964211,1956725,1042695,914030,47712,24301,0.004982,0.002677,21002,7717,eurasia,TRUE,TRUE,octo_ODP43158-RO.S.CaraimanMt,43158_oct_RO,octo_ODP43158,octo_ODP43158,RO.S.CaraimanMt,octo,ODP43158,,Romania,Southern Carpathians,"Southern Carpathians, Muntii Bucegi, Summit of Caraiman (W Busteni). 2360 m.",,45.412778,25.490833,6/17/04,3,G2
NHMO,O-DP-43161,Tissue,Peter Schönswetter & Ovidiu Paun,,Dryas,octopetala,,octo_ODP43161,octo_sCarp,6O2carp,,octo_Carp_MK,octo_Carp_MK,,,Octo,3575723,3546496,2354546,1191950,52391,30011,0.004605,0.001736,27789,10557,eurasia,TRUE,TRUE,octo_ODP43161-RO.S.CaraimanMt,43161_oct_RO,octo_ODP43161,octo_ODP43161,RO.S.CaraimanMt,octo,ODP43161,,Romania,Southern Carpathians,"Southern Carpathians, Muntii Bucegi, Summit of Caraiman (W Busteni). 2360 m.",,45.412778,25.490833,6/17/04,3,H2
NHMO,O-DP-8109,Tissue,Peter Schönswetter & Ovidiu Paun,,Dryas,octopetala,,octo_ODP8109,octo_sCarp,6O2carp,,octo_Carp_MK,octo_Carp_MK,,,Octo,2723641,2700731,1792322,908409,47822,27263,0.004448,0.001697,25070,9118,eurasia,TRUE,TRUE,octo_ODP8109-RO.S.CaraimanMt,8109_oct_RO,octo_ODP8109,octo_ODP8109,RO.S.CaraimanMt,octo,ODP8109,,Romania,Southern Carpathians,"Southern Carpathians, Muntii Bucegi, Summit of Caraiman (W Busteni). 2360 m.",,45.412778,25.490833,6/17/04,2,G9
KRAM,KRAM,DNA extract,M. Ronikier,,Dryas,octopetala,,octo_Q56d04,octo_sCarp,6O2carp,octo_Carp_MK,octo_Carp_MK,octo_Carp_MK,6O2,octo_Carp_MK,Octo,9815484,9670700,6750809,2919891,53487,35692,0.00459,0.001148,33346,13284,eurasia,TRUE,TRUE,octo_Q56d04-RO.RetezatMic,Doc_Q56d_04,octo_Q56d04,octo_Q56d04,RO.RetezatMic,octo,Q56d_04,,Romania,Southern Carpathians,"Southern Carpathians, Retezat Mic Mts., Piule-Iorgovanu ridge, summit of Vf. Piatra Iorgovanului",2010,45.2825,22.8489,22.08.2009,4,F1
KRAM,KRAM,DNA extract,M. Ronikier,,Dryas,octopetala,,octo_Q56d05,octo_sCarp,6O2carp,,octo_Carp_MK,octo_Carp_MK,,,Octo,9268278,9006103,4864366,4141737,65900,34311,0.004902,0.001262,30775,12652,eurasia,TRUE,TRUE,octo_Q56d05-RO.RetezatMic,Doc_Q56d_05,octo_Q56d05,octo_Q56d05,RO.RetezatMic,octo,Q56d_05,,Romania,Southern Carpathians,"Southern Carpathians, Retezat Mic Mts., Piule-Iorgovanu ridge, summit of Vf. Piatra Iorgovanului",2010,45.2825,22.8489,22.08.2009,4,G1
KRAM,KRAM,DNA extract,M. Ronikier,,Dryas,octopetala,,octo_Q56d11,octo_sCarp,6O2carp,,octo_Carp_MK,octo_Carp_MK,,,Octo,8806752,8625468,5734825,2890643,58598,34412,0.004827,0.001208,31901,12993,eurasia,TRUE,TRUE,octo_Q56d11-RO.RetezatMic,Doc_Q56d_11,octo_Q56d11,octo_Q56d11,RO.RetezatMic,octo,Q56d_11,,Romania,Southern Carpathians,"Southern Carpathians, Retezat Mic Mts., Piule-Iorgovanu ridge, summit of Vf. Piatra Iorgovanului",2010,45.2825,22.8489,22.08.2009,4,H1
F,F,Tissue,D.M. White,705,Dryas,hookeriana,,hook_DW705,hook_CO,7AIH-hCO,,hook,AIH,,,AIH,3372078,3348135,2284869,1063266,46511,28694,0.005247,0.001596,26634,9623,NA,TRUE,TRUE,hook_DW705-US.CO.SummitCo,DW705_hoo_US-CO,hook_DW705,hook_DW705,US.CO.SummitCo,hook,DW705,,United States of America,Colorado,Summit County. White River National Forest. Above Dam at Blue Lakes. North facing slope.,"3,601",39.3843162,-106.1001125,"Aug. 18, 2028",3,B11
F,F,Tissue,D.M. White,708,Dryas,hookeriana,,hook_DW708,hook_CO,7AIH-hCO,,hook,AIH,,,AIH,3825553,3786070,2309689,1476381,48631,28804,0.004133,0.001527,26724,9517,NA,TRUE,TRUE,hook_DW708-US.CO.SummitCo,DW708_hoo_US-CO,hook_DW708,hook_DW708,US.CO.SummitCo,hook,DW708,,United States of America,Colorado,Summit County. White River National Forest. Above Dam at Blue Lakes. North facing slope.,"3,601",39.3843162,-106.1001125,"Aug. 18, 2031",3,C11
F,F,Tissue,D.M. White,709,Dryas,hookeriana,,hook_DW709,hook_CO,7AIH-hCO,,hook,AIH,,,AIH,3467657,3440046,2279520,1160526,47094,29013,0.004341,0.001731,26869,9864,NA,TRUE,TRUE,hook_DW709-US.CO.SummitCo,DW709_hoo_US-CO,hook_DW709,hook_DW709,US.CO.SummitCo,hook,DW709,,United States of America,Colorado,Summit County. White River National Forest. Above Dam at Blue Lakes. North facing slope.,"3,601",39.3843162,-106.1001125,"Aug. 18, 2032",3,D11
F,F,Tissue,D.M. White,712,Dryas,hookeriana,,hook_DW712,hook_CO,7AIH-hCO,,hook,AIH,,,AIH,3209806,3185319,2163417,1021902,45390,28033,0.00441,0.001739,26065,9546,NA,TRUE,TRUE,hook_DW712-US.CO.SummitCo,DW712_hoo_US-CO,hook_DW712,hook_DW712,US.CO.SummitCo,hook,DW712,,United States of America,Colorado,Summit County. White River National Forest. Above Dam at Blue Lakes. North facing slope.,"3,601",39.3843162,-106.1001125,"Aug. 18, 2035",3,E11
F,F,Tissue,D.M. White,713,Dryas,hookeriana,,hook_DW713,,,,,,,,,,,,,,,,,,,,FALSE,FALSE,,DW713_hoo_US-CO,,,US.CO.SummitCo,hook,DW713,clone of DW712,United States of America,Colorado,Summit County. White River National Forest. Above Dam at Blue Lakes. North facing slope.,"3,601",39.3843162,-106.1001125,"Aug. 18, 2036",3,F11
F,F,Tissue,D.M. White,703,Dryas,hookeriana,,hook_DW703,hook_CO,7AIH-hCO,,hook,AIH,,,AIH,2833026,2820495,2033077,787418,43877,29176,0.005588,0.001964,27052,9836,NA,TRUE,TRUE,hook_DW703-US.CO.SummitCo,DW703_hoo_US-CO,hook_DW703,hook_DW703,US.CO.SummitCo,hook,DW703,,United States of America,Colorado,Summit County. White River National Forest. Northwest-facing slope between Loveland Pass Trailhead and Pass Lake.,"3,635",39.6581443,-105.8784351,"Aug. 18, 2026",3,A11
KRAM,KRAM,DNA extract,M. Ronikier,,Dryas,octopetala,,octo_PRO01,,,,,,,,,4320791,4263889,2908137,1355752,52309,30241,0.004368,0.001648,28073,10795,eurasia,FALSE,FALSE,octo_PRO01-XK.Prokletije,Doc_PRO_01,octo_PRO01,octo_PRO01,XK.Prokletije,octo,PRO_01,,Kosovo,Prokletije,Surroundings of Mt. Marjadhi/Mt. Marijas: saddle W of Mt. Kerrshat e Mdh'aj,2204,42.6472,20.1072,15.08.2010,4,A8
KRAM,KRAM,DNA extract,M. Ronikier,,Dryas,octopetala,,octo_PRO06,,,,,,,,,5039238,4986740,3581432,1405308,49311,32740,0.005254,0.001693,30316,11705,eurasia,FALSE,FALSE,octo_PRO06-XK.Prokletije,Doc_PRO_06,octo_PRO06,octo_PRO06,XK.Prokletije,octo,PRO_06,,Kosovo,Prokletije,Surroundings of Mt. Marjadhi/Mt. Marijas: saddle W of Mt. Kerrshat e Mdh'aj,2204,42.6472,20.1072,15.08.2010,4,B8
KRAM,KRAM,DNA extract,M. Ronikier,,Dryas,octopetala,,octo_SUV10,,,,,,,,,10098296,9965553,7136447,2829106,53679,34822,0.004902,0.000983,32705,12670,eurasia,FALSE,FALSE,octo_SUV10-RS.Stara,Doc_SUV_10,octo_SUV10,octo_SUV10,RS.Stara,octo,SUV_10,,Serbia,Suva Planina,"Suva Planina, E-NE slopes of the Trem ridge",,43.1858,22.1644,15.08.2009,4,F3
KRAM,KRAM,DNA extract,M. Ronikier,,Dryas,octopetala,,octo_SUV18,,,,,,,,,12820648,12382372,5623703,6758669,82559,34848,0.005425,0.001099,30778,11676,eurasia,FALSE,FALSE,octo_SUV18-RS.Stara,Doc_SUV_18,octo_SUV18,octo_SUV18,RS.Stara,octo,SUV_18,,Serbia,Suva Planina,"Suva Planina, E-NE slopes of the Trem ridge",,43.1858,22.1644,15.08.2009,4,G3
NHMO,O-DP-7937,DNA extract,Øystein Overrein,,Dryas,octopetala,,octo_ODP7937,,,,,,,,,4190706,4180997,2855440,1325557,46553,32530,0.007071,0.001479,27133,10210,eurasia,FALSE,FALSE,octo_ODP7937-NO.SJ.Andree,7937_oct_NO-SJ,octo_ODP7937,octo_ODP7937,NO.SJ.Andree,octo,ODP7937,,Norway,Svalbard,"Svalbard, Andrée Land, Woodfjorden, Mushamna.",,79.63,14.12,7/24/04,1,E08
NHMO,O-DP-7943,DNA extract,Øystein Overrein,,Dryas,octopetala,,octo_ODP7943,,,,,,,,,3752857,3745220,2763037,982183,44251,31136,0.006799,0.001415,25329,9236,eurasia,FALSE,FALSE,octo_ODP7943-NO.SJ.Andree,7943_oct_NO-SJ,octo_ODP7943,octo_ODP7943,NO.SJ.Andree,octo,ODP7943,,Norway,Svalbard,"Svalbard, Andrée Land, Woodfjorden, Mushamna.",,79.63,14.12,7/24/04,1,A03
NHMO,O-DP-8072,DNA extract,Kjell Thore Hansen,,Dryas,octopetala,,octo_ODP8072,octo_SJ,9O3,,octo_RU_SJ,octo_RU_SJ,,,Punc,1816293,1808957,788413,1020544,47829,21013,0.005362,0.002164,18183,6195,eurasia,TRUE,TRUE,octo_ODP8072-NO.SJ.GustavAdolf,8072_oct_NO-SJ,octo_ODP8072,octo_ODP8072,NO.SJ.GustavAdolf,octo,ODP8072,,Norway,Svalbard,"Svalbard, Gustav Adolf Land, Wahlenbergfjorden, Oxfordhalvøya.",,79.7733,21.7201,7/2/04,2,D9
NHMO,O-DP-8069,DNA extract,Kjell Thore Hansen,,Dryas,octopetala,,octo_ODP8069,,,,,,,,,,,,,,,,,,,,FALSE,FALSE,,REMOVED,,,NO.SJ.GustavAdolf,octo,ODP8069,failedseq,Norway,Svalbard,"Svalbard, Gustav Adolf Land, Wahlenbergfjorden, Oxfordhalvøya.",,79.7733,21.7201,7/2/04,2,C9
NHMO,O-DP-8335,DNA extract,Inger Greve Alsos,,Dryas,octopetala,,octo_ODP8335,,,,,,,,,3768609,3758748,2664874,1093874,45308,28883,0.007195,0.001439,23192,8225,eurasia,FALSE,FALSE,octo_ODP8335-NO.SJ.Haakon7,8335_oct_NO-SJ,octo_ODP8335,octo_ODP8335,NO.SJ.Haakon7,octo,ODP8335,,Norway,Svalbard,"Svalbard, Haakon VII Land, Blomstrandhalvøya, Peirsonhamna, ved Camp Mansfield. 2 - 10 m.",,78.963056,12.0475,7/17/03,1,D05
NHMO,O-DP-8312,DNA extract,Inger Greve Alsos,,Dryas,octopetala,,octo_ODP8312,,,,,,,,,2404748,2395578,1668540,727038,44568,26981,0.005716,0.001723,24339,8600,eurasia,FALSE,FALSE,octo_ODP8312-NO.SJ.Haakon7,8312_oct_NO-SJ,octo_ODP8312,octo_ODP8312,NO.SJ.Haakon7,octo,ODP8312,,Norway,Svalbard,"Svalbard, Haakon VII Land, Generalfjella, Camp Zoe. 5 - 10 m.",,79.195278,11.919722,7/16/03,2,G10
NHMO,O-DP-8043,DNA extract,Kjell Tore Hansen,,Dryas,octopetala,,octo_ODP8043,,,,,,,,,4439740,4425860,2990602,1435258,49524,32404,0.009115,0.001348,25839,9421,eurasia,FALSE,FALSE,octo_ODP8043-NO.SJ.Haakon7,8043_oct_NO-SJ,octo_ODP8043,octo_ODP8043,NO.SJ.Haakon7,octo,ODP8043,,Norway,Svalbard,"Svalbard, Haakon VII Land, Ossian Sars land. 5 m.",,78.9432,12.4391,8/6/02,1,C04
NHMO,O-DP-7879,DNA extract,Kristine Westergaard & Tina Dahl,,Dryas,octopetala,,octo_ODP7879,,,,,,,,,4423406,4407913,3102617,1305296,46125,32101,0.008249,0.001409,25707,9571,eurasia,FALSE,FALSE,octo_ODP7879-NO.SJ.James1,7879_oct_NO-SJ,octo_ODP7879,octo_ODP7879,NO.SJ.James1,octo,ODP7879,,Norway,Svalbard,"Svalbard, James I Land, Blomesletta, Ekmannsfjorden. Collected on very calcareous bedrock. In slope below birdcliff (fulmar). 2 m.",,78.6726,14.8364,7/29/03,1,H02
NHMO,O-DP-8269,DNA extract,IGA+KW,,Dryas,octopetala,,octo_ODP8269,,,,,,,,,4689591,4674602,3209342,1465260,46659,32809,0.007835,0.001318,27032,10188,eurasia,FALSE,FALSE,octo_ODP8269-NO.SJ.Nordensiold,8269_oct_NO-SJ,octo_ODP8269,octo_ODP8269,NO.SJ.Nordensiold,octo,ODP8269,,Norway,Svalbard,"Svalbard, Nordenskiöld Land, Bolterdalen. 100 m.",,78.163056,16.283333,7/31/02,1,B05
NHMO,O-DP-8261,DNA extract,Thomas Owens Svennungsen,,Dryas,octopetala,,octo_ODP8261,,,,,,,,,4191245,4178477,3164967,1013510,46418,32560,0.007804,0.00132,26677,10040,eurasia,FALSE,FALSE,octo_ODP8261-NO.SJ.Nordensiold,8261_oct_NO-SJ,octo_ODP8261,octo_ODP8261,NO.SJ.Nordensiold,octo,ODP8261,,Norway,Svalbard,"Svalbard, Nordenskiöld Land, Kapp Linnè.",,78.06,13.63,8/10/02,1,A05
NHMO,O-DP-8286,DNA extract,IGA+KW,,Dryas,octopetala,,octo_ODP8286,,,,,,,,,3916947,3908439,2866710,1041729,47577,32343,0.007832,0.001405,26035,9570,eurasia,FALSE,FALSE,octo_ODP8286-NO.SJ.Nordensiold,8286_oct_NO-SJ,octo_ODP8286,octo_ODP8286,NO.SJ.Nordensiold,octo,ODP8286,,Norway,Svalbard,"Svalbard, Nordenskiöld Land, Rusanovodden. 30 - 40 m.",,78.134722,14.995556,2002,1,C05
NHMO,O-DP-43187,DNA extract,Øystein Overrein,,Dryas,octopetala,,octo_ODP43187,octo_SJ,9O3,,octo_RU_SJ,octo_RU_SJ,,,Punc,2962793,2953120,2129905,823215,44483,28751,0.005621,0.001717,26414,9541,eurasia,TRUE,TRUE,octo_ODP43187-NO.SJ.NyFriesland,43187_oct_NO-SJ,octo_ODP43187,octo_ODP43187,NO.SJ.NyFriesland,octo,ODP43187,,Norway,Svalbard,"Svalbard, Ny-Friesland, Austfjordnes.",,79.127408,16.169375,7/25/04,3,B3
NHMO,O-DP-7912,DNA extract,Øystein Overrein,,Dryas,octopetala,,octo_ODP7912,octo_SJ,9O3,,octo_RU_SJ,octo_RU_SJ,,,Punc,2751984,2738304,1821051,917253,46736,29623,0.005506,0.001538,26695,9754,eurasia,TRUE,TRUE,octo_ODP7912-NO.SJ.NyFriesland,7912_oct_NO-SJ,octo_ODP7912,octo_ODP7912,NO.SJ.NyFriesland,octo,ODP7912,,Norway,Svalbard,"Svalbard, Ny-Friesland, Austfjordnes.",,79.127408,16.169375,7/25/04,2,E8
NHMO,O-DP-8327,DNA extract,"Inger Greve Alsos, Bjørn Erik Sandbakk",,Dryas,octopetala,,octo_ODP8327,octo_SJ,9O3,,octo_RU_SJ,octo_RU_SJ,,,Punc,2452612,2442553,1633380,809173,44471,26444,0.005468,0.001708,23927,8505,eurasia,TRUE,TRUE,octo_ODP8327-NO.SJ.Oscar2,8327_oct_NO-SJ,octo_ODP8327,octo_ODP8327,NO.SJ.Oscar2,octo,ODP8327,,Norway,Svalbard,"Svalbard, Oscar II Land, Kjærstranda, V for Nekknuten. 50 m.",,78.906389,11.496111,7/20/03,2,H10
NHMO,O-DP-8351,DNA extract,"Inger Greve Alsos, Bjørn Erik Sandbakk",,Dryas,octopetala,,octo_ODP8351,,,,,,,,,1919947,1915124,1365323,549801,42576,25373,0.007009,0.002019,22359,7906,eurasia,FALSE,FALSE,octo_ODP8351-NO.SJ.Oscar2,8351_oct_NO-SJ,octo_ODP8351,octo_ODP8351,NO.SJ.Oscar2,octo,ODP8351,,Norway,Svalbard,"Svalbard, Oscar II Land, Ny-Ålesund, rett V for første elva. Ø for bebyggelsen.",,78.921111,11.951111,7/14/03,2,A11
NHMO,O-DP-7830,DNA extract,Bjarne Otnes,,Dryas,octopetala,,octo_ODP7830,octo_SJ,9O3,,octo_RU_SJ,octo_RU_SJ,,,Punc,2674497,2663320,1929732,733588,45666,29137,0.005505,0.001653,26555,9704,eurasia,TRUE,TRUE,octo_ODP7830-NO.SJ.WedelJarlsberg,7830_oct_NO-SJ,octo_ODP7830,octo_ODP7830,NO.SJ.WedelJarlsberg,octo,ODP7830,,Norway,Svalbard,"Svalbard, Wedel Jarlsberg Land, Van Keulenfjorden, Ahlstrandhalvøya.",,77.561111,15.001303,2004,2,D8
NHMO,O-DP-43228,DNA extract,Bjarne Otnes,,Dryas,octopetala,,octo_ODP43228,,,,,,,,,2740817,2738297,2100583,637714,41594,27321,0.006968,0.001858,22593,8108,eurasia,FALSE,FALSE,octo_ODP43228-NO.SJ.WedelJarlsberg,43228_oct_NO-SJ,octo_ODP43228,octo_ODP43228,NO.SJ.WedelJarlsberg,octo,ODP43228,,Norway,Svalbard,"Svalbard, Wedel Jarlsberg Land, Van Keulenfjorden, Ahlstrandhalvøya.",,77.561111,15.001303,2004,1,A11
BABY,F,sheet,B.A. Bennett et al.,17-0055,Dryas,ajanensis,beringensis,ajan_BABY220,,,,,,,,,3805360,3795768,2705098,1090670,47324,30358,0.008263,0.001452,24172,8372,NA,FALSE,FALSE,ajan_BABY220-CA.YT.Takhini,BB220_ala_CA-YT,ajan_BABY220,ajan_BABY220,CA.YT.Takhini,ajan,BABY220,,Canada,Yukon Territory,"Takhini Valley, Stony Mountain",1365,60.8587,-135.9767139,4-Jun-17,1,C12
NHMO,O-DP-8112,DNA extract,Peter Schönswetter & Andreas Tribsch,,Dryas,octopetala,,octo_ODP8112,,,,,,,,,3416064,3409457,2691588,717869,44061,30701,0.008349,0.001525,25513,9414,eurasia,FALSE,FALSE,octo_ODP8112-RU.Taymyr.AryNas,8112_oct_RU-KX,octo_ODP8112,octo_ODP8112,RU.Taymyr.AryNas,octo,ODP8112,,Russian Federation,Krasnoyarsk Krai,"Taymyrsky Dolgano-Nenetsky District, North-Siberian Lowland, Ary-Mas nature reserve, (c. 50-60 km NNW Khatanga), right riverside of Novaya, along the river and up to c. 3 km S of river. 10 - 50 m.",,72.464444,101.863611,7/27/04,1,D04
NHMO,O-DP-8117,DNA extract,Peter Schönswetter & Andreas Tribsch,,Dryas,octopetala,,octo_ODP8117,,,,,,,,,4102547,4092025,3098054,993971,45550,31385,0.008938,0.00146,25610,9318,eurasia,FALSE,FALSE,octo_ODP8117-RU.Taymyr.AryNas,8117_oct_RU-KX,octo_ODP8117,octo_ODP8117,RU.Taymyr.AryNas,octo,ODP8117,,Russian Federation,Krasnoyarsk Krai,"Taymyrsky Dolgano-Nenetsky District, North-Siberian Lowland, Ary-Mas nature reserve, (c. 50-60 km NNW Khatanga), right riverside of Novaya, along the river and up to c. 3 km S of river. 10 - 50 m.",,72.464444,101.863611,7/27/04,1,E04
NHMO,O-DP-43208,DNA extract,Peter Schönswetter & Andreas Tribsch,,Dryas,octopetala,,octo_ODP43208,,,,,,,,,3995025,3986075,3011342,974733,45811,32467,0.009084,0.001445,26292,9579,eurasia,FALSE,FALSE,octo_ODP43208-RU.Taymyr.Khatanga,43208_oct_RU-KX,octo_ODP43208,octo_ODP43208,RU.Taymyr.Khatanga,octo,ODP43208,,Russian Federation,Krasnoyarsk Krai,"Taymyrsky Dolgano-Nenetsky District, North-Siberian Lowland, Khatanga, forest-tundra c. 4 km E of village. 20 - 30 m.",,71.969722,102.574167,7/15/04,1,F06
NHMO,O-DP-7960,DNA extract,Dorothee Ehrich,,Dryas,octopetala,,octo_ODP7960,,,,,,,,,3982506,3972522,2956151,1016371,46522,31203,0.00864,0.001409,25306,9076,eurasia,FALSE,FALSE,octo_ODP7960-RU.Taymyr.Dikson,7960_oct_RU-KX,octo_ODP7960,octo_ODP7960,RU.Taymyr.Dikson,octo,ODP7960,,Russian Federation,Krasnoyarsk Krai,"Taymyrsky Dolgano-Nenetsky District, Taymyr, Dikson.",,73.503611,80.660833,9/18/03,1,B03
NHMO,O-DP-7964,DNA extract,Dorothee Ehrich,,Dryas,octopetala,,octo_ODP7964,,,,,,,,,2491938,2481984,1802978,679006,44205,27658,0.006974,0.001689,25147,8837,eurasia,FALSE,FALSE,octo_ODP7964-RU.Taymyr.Dikson,7964_oct_RU-KX,octo_ODP7964,octo_ODP7964,RU.Taymyr.Dikson,octo,ODP7964,,Russian Federation,Krasnoyarsk Krai,"Taymyrsky Dolgano-Nenetsky District, Taymyr, Dikson.",,73.503611,80.660833,9/18/03,2,F8
NHMO,O-DP-7972,DNA extract,Dorothee Ehrich,,Dryas,octopetala,,octo_ODP7972,,,,,,,,,4358828,4335465,2929459,1406006,52541,33711,0.009395,0.001483,27813,10369,eurasia,FALSE,FALSE,octo_ODP7972-RU.Taymyr.Dudinka,7972_oct_RU-KX,octo_ODP7972,octo_ODP7972,RU.Taymyr.Dudinka,octo,ODP7972,,Russian Federation,Krasnoyarsk Krai,"Taymyrsky Dolgano-Nenetsky District, Taymyr, Dudinka.",,69.449444,86.204167,9/7/03,1,C03
NHMO,O-DP-7975,DNA extract,Dorothee Ehrich,,Dryas,octopetala,,octo_ODP7975,,,,,,,,,5058854,5028024,3317112,1710912,54700,34345,0.009649,0.001323,28058,10854,eurasia,FALSE,FALSE,octo_ODP7975-RU.Taymyr.Dudinka,7975_oct_RU-KX,octo_ODP7975,octo_ODP7975,RU.Taymyr.Dudinka,octo,ODP7975,,Russian Federation,Krasnoyarsk Krai,"Taymyrsky Dolgano-Nenetsky District, Taymyr, Dudinka.",,69.449444,86.204167,9/7/03,1,H08
BABY,BABY-03858,sheet,B.A. Bennett et al.,03-0342,Dryas,drummondii,,drum_BABY3858,drum,1D,,drum,drum,,,drum,3270884,3252027,2372557,879470,42498,26513,0.001906,0.001602,25142,9369,drummondii,TRUE,TRUE,drum_BABY3858-US.AK.TetlinNWR,BB3858_dru_US-AK,drum_BABY3858,drum_BABY3858,US.AK.TetlinNWR,drum,BABY3858,,United States of America,Alaska,"Tetlin National Wildlife Refuge, Nebesna River",631,62.54222,-142.49222,7-Jun-03,3,H5
BABY,F,sheet,B.A. Bennett et al.,18-0109,Dryas,drummondii,,alas_BABY50,drum,1D,drum,drum,drum,1D,,drum,2829202,2819355,2173270,646085,39937,26499,0.001814,0.001786,25040,9660,drummondii,TRUE,TRUE,alas_BABY50-CA.YT.Tombstone,BB50_dru_CA-YT,alas_BABY50,alas_BABY50,CA.YT.Tombstone,drum,BABY50,,Canada,Yukon Territory,"Tombstone Park, Patrol Range, eastern end",1526,64.7500694,-138.719391,30-Jun-18,3,G6
BABY,F,sheet,B.A. Bennett et al.,18-0073b,Dryas,integrifolia,,intg_BABY73b,,,,,,,,,,,,,,,,,,,,FALSE,FALSE,,REMOVED,,,CA.YT.Tombstone,intg,BABY73b,failedseq,Canada,Yukon Territory,"Tombstone Park, Patrol Range, eastern end",1575,64.7532194,-138.720275,30-Jun-18,3,A9
NHMO,O-DP-8360,DNA extract,Inger Greve Alsos og Kristine Westergaard,,Dryas,octopetala,,octo_ODP8360,,,,,,,,,4169543,4157416,2986734,1170682,49918,33456,0.007476,0.00139,27773,10679,eurasia,FALSE,FALSE,octo_ODP8360-NO.Troms,8360_oct_NO-TR,octo_ODP8360,octo_ODP8360,NO.Troms,octo,ODP8360,,Norway,Troms,"Troms, Tromsø, Fløya. 530 m.",,69.584444,19.009722,8/6/02,1,F09
NHMO,O-DP-8365,DNA extract,Inger Greve Alsos og Kristine Westergaard,,Dryas,octopetala,,octo_ODP8365,,,,,,,,,3734190,3723437,2725904,997533,51198,31818,0.007612,0.001509,26031,9747,eurasia,FALSE,FALSE,octo_ODP8365-NO.Troms,8365_oct_NO-TR,octo_ODP8365,octo_ODP8365,NO.Troms,octo,ODP8365,,Norway,Troms,"Troms, Tromsø, Fløya. 530 m.",,69.584444,19.009722,8/6/02,1,G09
BABY,BABY-08811,sheet,B.A. Bennett et al.,13-0246,Dryas,integrifolia,sylvatica,intgsyl_BABY8811,,,,,,,,,3445918,3422915,2269629,1153286,48070,28701,0.006745,0.001869,25757,9122,NA,FALSE,FALSE,intgsyl_BABY8811-CA.NU.Victoria,BB8811_int_CA-NU,intgsyl_BABY8811,intgsyl_BABY8811,CA.NU.Victoria,intgsyl,BABY8811,,Canada,Nunavut,"Victoria Island, Cambridge Bay, 7.5 km along the road to Ovayok (Mount Pelly)",28,69.15651,-104.91067,15-Jul-13,3,D9
BABY,BABY-08977,sheet,B.A. Bennett et al.,14-0293,Dryas,incisa,,inci_BABY8977,,,,,,,,,2992082,2969066,1287069,1681997,51246,25138,0.005897,0.001793,22605,7633,NA,FALSE,FALSE,inci_BABY8977-CA.NU.Vuntut,BB8977_inc_CA-YT,inci_BABY8977,inci_BABY8977,CA.NU.Vuntut,inci,BABY8977,,Canada,Yukon Territory,"Vuntut National Park, Thomas Creek drainage",800,68.61054,-140.72762,9-Jul-14,3,E9
BABY,BABY-03048,sheet,P.P. Caswell,PPC-2000-Y-062,Dryas,alaskensis,,alas_BABY3048,,,,,,,,,3567745,3559756,2730888,828868,45670,29033,0.00979,0.001562,21818,7522,NA,FALSE,FALSE,alas_BABY3048-CA.YT.Vuntut,BB3048_ala_CA-YT,alas_BABY3048,alas_BABY3048,CA.YT.Vuntut,alas,BABY3048,,Canada,Yukon Territory,"Vuntut National Park, vicinity of Snowdrift camp",483,68.35667,-139.2183,21-Jun-00,1,E12
NHMO,O-DP-8398,DNA extract,"Inger Skrede, Siri Kjølner & Leidulf Lund",,Dryas,octopetala,,octo_ODP8398,,,,,,,,,4076435,4064911,2858280,1206631,51812,32622,0.005595,0.001435,26918,10449,eurasia,FALSE,FALSE,octo_ODP8398-IS.W.Hvalfjordur,8398_oct_IS,octo_ODP8398,octo_ODP8398,IS.W.Hvalfjordur,octo,ODP8398,,Iceland,Capital Region,"W Iceland, Hvalfjordur, S of Hvalfjordur, almost in the end of the fjord. Mountainslope along the road. 86 m.",,64.353056,-21.642778,7/2/02,1,E05
NHMO,O-DP-7555,Tissue,Kristine Westergaard,,Dryas,integrifolia,,intg_ODP7555,intg_CAswGL,7AIH-iglca,AIH,intg_CAswGL,AIH,7AIH-iglca,,AIH,2507872,2498236,1909837,588399,44410,29203,0.00454,0.001637,27144,9680,NA,TRUE,TRUE,intg_ODP7555-GL.W.Ilulissat,7555_int_GL-W,intg_ODP7555,intg_ODP7555,GL.W.Ilulissat,intg,ODP7555,,Greenland,Avannaata,"W. Ilulissat, Saqqaq, In the heath. 10 m.",,70.616667,-51.958056,7/4/04,2,F5
NHMO,O-DP-7554,Tissue,Kristine Westergaard,,Dryas,integrifolia,,intg_ODP7554,intg_CAswGL,7AIH-iglca,,intg_CAswGL,AIH,,,AIH,2826372,2807883,1744718,1063165,50256,26679,0.004199,0.001485,24262,8847,NA,TRUE,TRUE,intg_ODP7554-GL.W.Ilulissat,7554_int_GL-W,intg_ODP7554,intg_ODP7554,GL.W.Ilulissat,intg,ODP7554,,Greenland,Avannaata,"W. Ilulissat, Saqqaq, In the heath. 10 m.",,70.616667,-51.958056,7/4/04,2,E5
NHMO,O-DP-7559,Tissue,Kristine Westergaard,,Dryas,integrifolia,,intg_ODP7559,intg_CAswGL,7AIH-iglca,,intg_CAswGL,AIH,,,AIH,2901119,2877057,1795679,1081378,49972,27083,0.004426,0.001719,24799,8762,NA,TRUE,TRUE,intg_ODP7559-GL.W.Ilulissat,7559_int_GL-W,intg_ODP7559,intg_ODP7559,GL.W.Ilulissat,intg,ODP7559,,Greenland,Avannaata,"W. Ilulissat, Saqqaq, In the heath. 10 m.",,70.616667,-51.958056,7/4/04,2,G5
KRAM,KRAM,DNA extract,M. Ronikier,,Dryas,octopetala,,octo_AKU03,octo_neIceland,5O1,octo_EU,octo_EU,octo_EU,5O1,octo_EU,Octo,8594008,8475382,6021647,2453735,53127,35624,0.00405,0.001157,33495,13643,eurasia,TRUE,TRUE,octo_AKU03-IS.NE.Akureyri,Doc_AKU_03,octo_AKU03,octo_AKU03,IS.NE.Akureyri,octo,AKU_03,,Iceland,Northeastern Region,"West of Akureyri, NW side of road no 1 (Hringvegur), upper part of the Öxnadalsá valley",,65.9625,-18.8237,,4,H8
KRAM,KRAM,DNA extract,M. Ronikier,,Dryas,octopetala,,octo_AKU01,octo_neIceland,5O1,,octo_EU,octo_EU,,,Octo,7289019,7198049,4997000,2201049,50053,33221,0.003861,0.001293,31179,12126,eurasia,TRUE,TRUE,octo_AKU01-IS.NE.Akureyri,Doc_AKU_01,octo_AKU01,octo_AKU01,IS.NE.Akureyri,octo,AKU_01,,Iceland,Northeastern Region,"West of Akureyri, NW side of road no 1 (Hringvegur), upper part of the Öxnadalsá valley",,65.9625,-18.8237,,4,F8
KRAM,KRAM,DNA extract,M. Ronikier,,Dryas,octopetala,,octo_AKU02,octo_neIceland,5O1,,octo_EU,octo_EU,,,Octo,10025541,9665866,3706779,5959087,66432,32608,0.004101,0.001135,28063,10666,eurasia,TRUE,TRUE,octo_AKU02-IS.NE.Akureyri,Doc_AKU_02,octo_AKU02,octo_AKU02,IS.NE.Akureyri,octo,AKU_02,,Iceland,Northeastern Region,"West of Akureyri, NW side of road no 1 (Hringvegur), upper part of the Öxnadalsá valley",,65.9625,-18.8237,,4,G8
NHMO,O-DP-7629,Tissue,Pernille Bronken,,Dryas,integrifolia,,intg_ODP7629,intg_CAswGL,7AIH-iglca,,intg_CAswGL,AIH,,,AIH,2439580,2430543,1825093,605450,42661,27961,0.003651,0.001665,25862,9124,NA,TRUE,TRUE,intg_ODP7629-GL.W.Nuuk,7629_int_GL-W,intg_ODP7629,intg_ODP7629,GL.W.Nuuk,intg,ODP7629,,Greenland,Sermersooq ,"West. Nuuk, Southern slope of Store Marlene (Ukkusissat). 112 m.",,64.153778,-51.679222,7/14/02,2,B7
NHMO,O-DP-7571,Tissue,Kristine Westergaard,,Dryas,integrifolia,,intg_ODP7571,intg_CAswGL,7AIH-iglca,AIH,intg_CAswGL,AIH,7AIH-iglca,AIH,AIH,2792462,2778944,1971402,807542,45292,29747,0.005289,0.001657,27100,9752,NA,TRUE,TRUE,intg_ODP7571-GL.W.Upernavik,7571_int_GL-NW,intg_ODP7571,intg_ODP7571,GL.W.Upernavik,intg,ODP7571,,Greenland,Avannaata,"West. Upernavik, Tasiusaq, Calcareous area above the village. 40 m.",,73.373056,-56.049722,7/19/04,2,B6
NHMO,O-DP-7568,Tissue,Kristine Westergaard,,Dryas,integrifolia,,intg_ODP7568,intg_CAswGL,7AIH-iglca,,intg_CAswGL,AIH,,,AIH,2858966,2848750,2120442,728308,43356,28551,0.004735,0.00166,26292,9437,NA,TRUE,TRUE,intg_ODP7568-GL.W.Upernavik,7568_int_GL-NW,intg_ODP7568,intg_ODP7568,GL.W.Upernavik,intg,ODP7568,,Greenland,Avannaata,"West. Upernavik, Tasiusaq, Calcareous area above the village. 40 m.",,73.373056,-56.049722,7/19/04,2,H5
NHMO,O-DP-7569,Tissue,Kristine Westergaard,,Dryas,integrifolia,,intg_ODP7569,intg_CAswGL,7AIH-iglca,,intg_CAswGL,AIH,,,AIH,2416250,2405203,1718024,687179,45370,26919,0.003294,0.001662,24920,8913,NA,TRUE,TRUE,intg_ODP7569-GL.W.Upernavik,7569_int_GL-NW,intg_ODP7569,intg_ODP7569,GL.W.Upernavik,intg,ODP7569,,Greenland,Avannaata,"West. Upernavik, Tasiusaq, Calcareous area above the village. 40 m.",,73.373056,-56.049722,7/19/04,2,A6
BABY,BABY-04356,sheet,A. Ceska; O. Ceska; J. Staniforth,04-0436,Dryas,drummondii,,drum_BABY4356,drum,1D,drum,drum,drum,1D,drum,drum,3254924,3238456,2442962,795494,43414,27703,0.001825,0.001601,26377,10150,drummondii,TRUE,TRUE,drum_BABY4356-CA.YT.WhiteMt,BB4356_dru_CA-YT,drum_BABY4356,drum_BABY4356,CA.YT.WhiteMt,drum,BABY4356,,Canada,Yukon Territory,White Mountain,,60.2636,-133.929556,30-Jun-04,3,E6
BABY,BABY-04355,sheet,A. Ceska; O. Ceska; J. Staniforth,04-0437,Dryas,integrifolia,integrifolia f. canescens,intgsylcan_BABY4355,,,,,,,,,2395322,2381105,667755,1713350,59002,21048,0.005862,0.001846,17393,6069,NA,TRUE,FALSE,intgsylcan_BABY4355-CA.YT.WhiteMt,BB4355_int_CA-YT,intgsylcan_BABY4355,intgsylcan_BABY4355,CA.YT.WhiteMt,intgsylcan,BABY4355,,Canada,Yukon Territory,White Mountain,,60.2636,-133.929556,30-Jun-04,3,D6
BABY,F,sheet,B.A. Bennett et al.,15-0581,Dryas,ajanensis,beringensis,ajan_BABY301,,,,,,,,,3789312,3780728,2675542,1105186,46861,29115,0.008137,0.001506,23579,8099,NA,FALSE,FALSE,ajan_BABY301-CA.YT.McIntyreMt,BB301_hoo_CA-YT,ajan_BABY301,ajan_BABY301,CA.YT.McIntyreMt,ajan,BABY301,,Canada,Yukon Territory,"Whitehorse, Mount McIntyre summit",1567,60.6193,-135.13886,15-Aug-15,1,D12
NHMO,O-DP-7514,Tissue,H.Solstad & R.Elven,,Dryas,incisa,,inci_ODP7514,,,,,,,,,2361220,2351891,1776834,575057,43872,27745,0.006974,0.001725,25206,8856,NA,FALSE,FALSE,inci_ODP7514-RU.CHU.Wrangel,7514_inc_RU-CK,inci_ODP7514,inci_ODP7514,RU.CHU.Wrangel,inci,ODP7514,,Russian Federation,Chukotka,Wrangel I.: Somnitelnaya settlement & river.,,70.936667,-179.56,8/16/05,2,G3
NHMO,O-DP-7539,Tissue,H.Solstad & R.Elven,,Dryas,integrifolia,,intg_ODP7539,,,,,,,,,2586536,2575187,1857924,717263,44587,28720,0.007125,0.00165,25990,9376,NA,FALSE,FALSE,intg_ODP7539-RU.CHU.Wrangel,7539_int_RU-CK,intg_ODP7539,intg_ODP7539,RU.CHU.Wrangel,intg,ODP7539,,Russian Federation,Chukotka,Wrangel I.: Somnitelnaya settlement & river.,,70.936667,-179.56,8/16/05,2,A5
BABY,BABY-03957,sheet,B.A. Bennett et al.,03-0697,Dryas,ajanensis,beringensis,ajan_BABY3957,,,,,,,,,2241121,2235135,1775648,459487,42306,28621,0.005166,0.002178,26565,9599,NA,FALSE,FALSE,ajan_BABY3957-US.AK.WrangellStElias,BB3957_aja_US-AK,ajan_BABY3957,ajan_BABY3957,US.AK.WrangellStElias,ajan,BABY3957,,United States of America,Alaska,"Wrangell-St. Elias National Preserve, Euchre Mountain base camp",1260,62.11639,-142.18917,19-Jun-03,3,A6
BABY,BABY-03796,sheet,B.A. Bennett et al.,03-0502,Dryas,alaskensis,,alas_BABY3796,,,,,,,,,3613446,3606230,2671445,934785,46357,31931,0.00817,0.001568,26140,9219,NA,FALSE,FALSE,alas_BABY3796-US.AK.WrangellStElias,BB3796_ala_US-AK,alas_BABY3796,alas_BABY3796,US.AK.WrangellStElias,alas,BABY3796,,United States of America,Alaska,"Wrangell-St. Elias National Preserve, Wellesley Mountain, base camp",1151,62.42139,-141.31,16-Jun-03,1,G12
NHMO,O-DP-63378,Tissue,H.Solstad & R.Elven,,Dryas,punctata,,punc_ODP63378,punc_Yak,8Pu,punc,punc,punc,8Pu,punc,Punc,3112885,3099206,2244387,854819,45729,30597,0.006849,0.0016,28097,10310,both,TRUE,TRUE,punc_ODP63378-RU.Yak.KharaulakhMts,63378_pun_RU-SK,punc_ODP63378,punc_ODP63378,RU.Yak.KharaulakhMts,punc,ODP63378,,Russian Federation,Sakha,"YAKUTIA, Lena R. east bank: Kharaulakh Mts vis-a-vis (E of) Tit-Ary village.",,72.003333,127.128333,2004,3,B5
NHMO,O-DP-53872,DNA extract,H.Solstad & R.Elven,,Dryas,crenulata,,cren_ODP53872,punc_Yak,8Pu,,punc,punc,,,Punc,3890887,3879134,2881898,997236,45813,29417,0.008899,0.001531,23853,8469,both,TRUE,TRUE,cren_ODP53872-RU.Yak.VerkhoyanskMts,53872_cre_RU-SK,cren_ODP53872,cren_ODP53872,RU.Yak.VerkhoyanskMts,cren,ODP53872,,Russian Federation,Sakha,"YAKUTIA, Lena R. east bank: northernmost ridge of Verkhoyansk Mts.",,71.686667,127.283333,2004,1,E07
NHMO,O-DP-8559,Tissue,H.Solstad & R.Elven,,Dryas,punctata,,punccf_ODP8559,punc_Yak,8Pu,,punc,punc,,,Punc,2891867,2882029,1927508,954521,46979,28563,0.006518,0.001842,26095,9453,both,TRUE,TRUE,punccf_ODP8559-RU.Yak.VerkhoyanskMts,8559_pun_RU-SK,punccf_ODP8559,punccf_ODP8559,RU.Yak.VerkhoyanskMts,punccf,ODP8559,,Russian Federation,Sakha,"YAKUTIA, Lena R. east bank: northernmost ridge of Verkhoyansk Mts.",,71.686667,127.283333,2004,3,A1
NHMO,O-DP-53870,DNA extract,H.Solstad & R.Elven,,Dryas,crenulata,,cren_ODP53870,,,,,,,,,3641859,3635517,2744108,891409,44577,28764,0.008966,0.001468,23123,8150,both,FALSE,FALSE,cren_ODP53870-RU.Yak.VerkhoyanskMts,53870_cre_RU-SK,cren_ODP53870,cren_ODP53870,RU.Yak.VerkhoyanskMts,cren,ODP53870,,Russian Federation,Sakha,"YAKUTIA, Lena R. east bank: northernmost ridge of Verkhoyansk Mts.",,71.686667,127.283333,2004,1,C07
NHMO,O-DP-53871,DNA extract,H.Solstad & R.Elven,,Dryas,crenulata,,cren_ODP53871,,,,,,,,,4254585,4236375,3068239,1168136,47983,30974,0.009269,0.001437,24834,8913,both,FALSE,FALSE,cren_ODP53871-RU.Yak.VerkhoyanskMts,53871_cre_RU-SK,cren_ODP53871,cren_ODP53871,RU.Yak.VerkhoyanskMts,cren,ODP53871,,Russian Federation,Sakha,"YAKUTIA, Lena R. east bank: northernmost ridge of Verkhoyansk Mts.",,71.686667,127.283333,2004,1,D07
NHMO,O-DP-53873,DNA extract,H.Solstad & R.Elven,,Dryas,crenulata,,cren_ODP53873,,,,,,,,,4834289,4798935,3232105,1566830,49891,30569,0.009245,0.001404,25151,9171,both,FALSE,FALSE,cren_ODP53873-RU.Yak.VerkhoyanskMts,53873_cre_RU-SK,cren_ODP53873,cren_ODP53873,RU.Yak.VerkhoyanskMts,cren,ODP53873,,Russian Federation,Sakha,"YAKUTIA, Lena R. east bank: northernmost ridge of Verkhoyansk Mts.",,71.686667,127.283333,2004,1,F07
NHMO,O-DP-7483,DNA extract,H.Solstad & R.Elven,,Dryas,crenulata,,cren_ODP7483,,,,,,,,,3866465,3853025,2783967,1069058,46309,30326,0.008626,0.001401,24670,8919,both,FALSE,FALSE,cren_ODP7483-RU.Yak.VerkhoyanskMts,7483_cre_RU-SK,cren_ODP7483,cren_ODP7483,RU.Yak.VerkhoyanskMts,cren,ODP7483,,Russian Federation,Sakha,"YAKUTIA, Lena R. east bank: northernmost ridge of Verkhoyansk Mts.",,71.686667,127.283333,2004,1,B08
NHMO,O-DP-53656,Tissue,H.Solstad & R.Elven,,Dryas,punctata,,punc_ODP53656,punc_Yak,8Pu,,punc,punc,,,Punc,3080270,3064739,2224482,840257,45090,28595,0.00612,0.001759,26252,9308,both,TRUE,TRUE,punc_ODP53656-RU.Yak.VerkhoyanskMts,53656_pun_RU-SK,punc_ODP53656,punc_ODP53656,RU.Yak.VerkhoyanskMts,punc,ODP53656,,Russian Federation,Sakha,"YAKUTIA, Lena R. east bank: Verkhoyansk Mts vis-a-vis Chekurovka village.",,71.06,127.589167,7/17/04,3,E4
NHMO,O-DP-53249,Tissue,H.Solstad & R.Elven,,Dryas,crenulata,,cren_ODP53249,punc_Yak,8Pu,punc,punc,punc,8Pu,punc,Punc,3401260,3383956,2469440,914516,46580,30202,0.007465,0.00162,27788,10481,both,TRUE,TRUE,cren_ODP53249-RU.Yak.VerkhoyanskMts,53249_cre_RU-SK,cren_ODP53249,cren_ODP53249,RU.Yak.VerkhoyanskMts,cren,ODP53249,,Russian Federation,Sakha,"YAKUTIA, Lena R. east bank: Verkhoyansk Mts, mountains 3-4 km NE of Chekurovka village.",,71.081667,127.548333,2004,3,A4
NHMO,O-DP-53651,Tissue,H.Solstad & R.Elven,,Dryas,punctata,,punc_ODP53651,punc_Yak,8Pu,,punc,punc,,,Punc,2996035,2984216,2265094,719122,44353,28376,0.00634,0.001659,26095,9390,both,TRUE,TRUE,punc_ODP53651-RU.Yak.Sokol,53651_pun_RU-SK,punc_ODP53651,punc_ODP53651,RU.Yak.Sokol,punc,ODP53651,,Russian Federation,Sakha,"YAKUTIA, Lena R. estuary, E side: Sokol (Shtolp Met. Station area) northernmost on promontory E of Lena River's main course.",,72.401667,126.798333,7/28/04,3,D4
NHMO,O-DP-59151,DNA extract,H.Solstad & R.Elven,,Dryas,punctata,,punc_ODP59151,,,,,,,,,4229825,4217164,3172782,1044382,46612,32836,0.009497,0.001353,27205,10107,both,FALSE,FALSE,punc_ODP59151-RU.Yak.TitAry,59151_pun_RU-SK,punc_ODP59151,punc_ODP59151,RU.Yak.TitAry,punc,ODP59151,,Russian Federation,Sakha,"YAKUTIA, Lena R. lower course: Tit-Ary island, W and SW of Tit-Ary village.",,71.985833,127.0875,2004,1,A08
NHMO,O-DP-8560,DNA extract,H.Solstad & R.Elven,,Dryas,punctata,,punc_ODP8560,,,,,,,,,4356419,4342255,3298835,1043420,46038,31396,0.008627,0.00141,25856,9326,both,FALSE,FALSE,punc_ODP8560-RU.Yak.TitAry,8560_oct_RU-SK,punc_ODP8560,punc_ODP8560,RU.Yak.TitAry,punc,ODP8560,,Russian Federation,Sakha,"YAKUTIA, Lena R. lower course: Tit-Ary island, W and SW of Tit-Ary village.",,71.985833,127.0875,2004,1,H05
NHMO,O-DP-63371,Tissue,H.Solstad & R.Elven,,Dryas,punctata,,punc_ODP63371,punc_Yak,8Pu,,punc,punc,,,Punc,2960350,2946453,2199235,747218,44371,29722,0.006267,0.00166,27420,10163,both,TRUE,TRUE,punc_ODP63371-RU.Yak.Chekurovka,63371_pun_RU-SK,punc_ODP63371,punc_ODP63371,RU.Yak.Chekurovka,punc,ODP63371,,Russian Federation,Sakha,"YAKUTIA, Lena R. west bank: Chekurovka village, surroundings of settlement.",,71.048333,127.523333,2004,3,A5
NHMO,O-DP-59147,DNA extract,H.Solstad & R.Elven,,Dryas,grandis,,gran_ODP59147,punc_Yak,8Pu,punc,punc,punc,8Pu,punc,Punc,3332642,3315604,2454384,861220,47190,30060,0.006414,0.001557,27743,10367,both,TRUE,TRUE,gran_ODP59147-RU.Yak.Chekurovka,59147_gra_RU-SK,gran_ODP59147,gran_ODP59147,RU.Yak.Chekurovka,gran,ODP59147,,Russian Federation,Sakha,"YAKUTIA, Lena R. west bank: Chekurovka village, valley 1-2 km N of settlement.",,71.058333,127.508333,2004,3,F4
NHMO,O-DP-59146,DNA extract,H.Solstad & R.Elven,,Dryas,grandis,,gran_ODP59146,,,,,,,,,4586599,4571564,3223568,1347996,47024,31795,0.008919,0.001375,25859,9578,both,FALSE,FALSE,gran_ODP59146-RU.Yak.Chekurovka,59146_gra_RU-SK,gran_ODP59146,gran_ODP59146,RU.Yak.Chekurovka,gran,ODP59146,,Russian Federation,Sakha,"YAKUTIA, Lena R. west bank: Chekurovka village, valley 1-2 km N of settlement.",,71.058333,127.508333,2004,1,G07
NHMO,O-DP-59148,DNA extract,H.Solstad & R.Elven,,Dryas,grandis,,gran_ODP59148,,,,,,,,,4547973,4528547,3122480,1406067,47002,30651,0.008563,0.001416,24979,8848,both,FALSE,FALSE,gran_ODP59148-RU.Yak.Chekurovka,59148_gra_RU-SK,gran_ODP59148,gran_ODP59148,RU.Yak.Chekurovka,gran,ODP59148,,Russian Federation,Sakha,"YAKUTIA, Lena R. west bank: Chekurovka village, valley 1-2 km N of settlement.",,71.058333,127.508333,2004,1,H07
NHMO,O-DP-7506,DNA extract,H.Solstad & R.Elven,,Dryas,grandis,,gran_ODP7506,,,,,,,,,3931332,3919377,2805587,1113790,48950,30276,0.008881,0.001461,24283,8544,both,FALSE,FALSE,gran_ODP7506-RU.Yak.Chekurovka,7506_gra_RU-SK,gran_ODP7506,gran_ODP7506,RU.Yak.Chekurovka,gran,ODP7506,,Russian Federation,Sakha,"YAKUTIA, Lena R. west bank: Chekurovka village, valley 1-2 km N of settlement.",,71.058333,127.508333,2004,1,C08
KRAM,KRAM,DNA extract,N. Alvarez,,Dryas,sp,,sp_POB02,octo_Pobeda,4Po,octo_Pobeda,octo_Pobeda,octo_Pobeda,4Po,octo_Pobeda,Oxyd,7691233,7601062,5117839,2483223,44470,31870,0.002223,0.001203,29923,11636,eurasia,TRUE,TRUE,sp_POB02-RU.Yak.Pobeda,Doc_POB_02,sp_POB02,sp_POB02,RU.Yak.Pobeda,sp,POB_02,,Russian Federation,Sakha,"Yakutia, Oymyakonsky District, Pobeda",990,64.4517,144.938,,4,B4
KRAM,KRAM,DNA extract,N. Alvarez,,Dryas,sp,,sp_POB04,octo_Pobeda,4Po,octo_Pobeda,octo_Pobeda,octo_Pobeda,4Po,octo_Pobeda,Oxyd,8297501,8176264,5535051,2641213,44013,31234,0.002008,0.00113,29490,10907,eurasia,TRUE,TRUE,sp_POB04-RU.Yak.Pobeda,Doc_POB_04,sp_POB04,sp_POB04,RU.Yak.Pobeda,sp,POB_04,,Russian Federation,Sakha,"Yakutia, Oymyakonsky District, Pobeda",990,64.4517,144.938,,4,C4
KRAM,KRAM,DNA extract,N. Alvarez,,Dryas,sp,,sp_POB10,octo_Pobeda,4Po,octo_Pobeda,octo_Pobeda,octo_Pobeda,4Po,octo_Pobeda,Oxyd,8844629,8732504,6143236,2589268,42581,30645,0.001694,0.001072,29116,10623,eurasia,TRUE,TRUE,sp_POB10-RU.Yak.Pobeda,Doc_POB_10,sp_POB10,sp_POB10,RU.Yak.Pobeda,sp,POB_10,,Russian Federation,Sakha,"Yakutia, Oymyakonsky District, Pobeda",990,64.4517,144.938,,4,D4
NHMO,O-DP-53628,Tissue,H.Solstad & R.Elven,,Dryas,punctata,,punc_ODP53628,punc_Yak,8Pu,,punc,punc,,,Punc,3280983,3267958,2348749,919209,45578,30401,0.006765,0.001669,27864,10023,both,TRUE,TRUE,punc_ODP53628-RU.Yak.Tiksi,53628_pun_RU-SK,punc_ODP53628,punc_ODP53628,RU.Yak.Tiksi,punc,ODP53628,,Russian Federation,Sakha,"Yakutia, Tiksi S, valley and small mountain E of town.",,71.6375,128.856667,2004,3,C4
NHMO,O-DP-43247,DNA extract,Maxim Kapralov,,Dryas,octopetala,,octo_ODP43247,octo_Nenets,9O3,octo_RU_SJ,octo_RU_SJ,octo_RU_SJ,9O3,,Punc,2685677,2679057,1978575,700482,45061,29735,0.0065,0.001817,27189,9934,eurasia,TRUE,TRUE,octo_ODP43247-RU.YamaloNenets,43247_oct_RU-YN,octo_ODP43247,octo_ODP43247,RU.YamaloNenets,octo,ODP43247,,Russian Federation,Yamalo-Nenets AO,"Yamalo-Nenetsky AO, Polar Ural, Chernaya mountain, valley of river Enga-Yu. 250 - 300 m.",,66.841,65.5,7/5/04,3,E3
NHMO,O-DP-8196,DNA extract,Maxim Kapralov,,Dryas,octopetala,,octo_ODP8196,octo_Nenets,9O3,,octo_RU_SJ,octo_RU_SJ,,,Punc,2180871,2174206,1617698,556508,43006,27083,0.006245,0.001767,24655,8823,eurasia,TRUE,TRUE,octo_ODP8196-RU.YamaloNenets,8196_oct_RU-YN,octo_ODP8196,octo_ODP8196,RU.YamaloNenets,octo,ODP8196,,Russian Federation,Yamalo-Nenets AO,"Yamalo-Nenetsky AO, Polar Ural, Chernaya mountain, valley of river Enga-Yu. 250 - 300 m.",,66.841,65.5,7/5/04,2,F10
NHMO,O-DP-43241,DNA extract,Maxim Kapralov,,Dryas,octopetala,,octo_ODP43241,,,,,,,,,4024270,4015094,2960296,1054798,46233,31645,0.008963,0.00139,25477,9152,eurasia,FALSE,FALSE,octo_ODP43241-RU.YamaloNenets,43241_oct_RU-YN,octo_ODP43241,octo_ODP43241,RU.YamaloNenets,octo,ODP43241,,Russian Federation,Yamalo-Nenets AO,"Yamalo-Nenetsky AO, Polar Ural, Chernaya mountain, valley of river Enga-Yu. 250 - 300 m.",,66.841,65.5,7/5/04,1,B07
NHMO,O-DP-43245,DNA extract,Maxim Kapralov,,Dryas,octopetala,,octo_ODP43245,,,,,,,,,4243257,4232905,3186139,1046766,44832,31628,0.007655,0.001419,25997,9406,eurasia,TRUE,FALSE,octo_ODP43245-RU.YamaloNenets,43245_oct_RU-YN,octo_ODP43245,octo_ODP43245,RU.YamaloNenets,octo,ODP43245,,Russian Federation,Yamalo-Nenets AO,"Yamalo-Nenetsky AO, Polar Ural, Chernaya mountain, valley of river Enga-Yu. 250 - 300 m.",,66.841,65.5,7/5/04,1,C11
F,F,Tissue,R.H. Ree,RHR2023-1,Chamaebatia,foliolosa,,Chafol_1611,,,,,,,,,7273452,7119643,4298609,2821034,39720,25156,0.004449,0.001112,22205,7589,outgroup,FALSE,FALSE,Chafol_1611-US.CA,chafol_1611,,Chafol_1611,US.CA,Chafol,chafol_1611,,United States of America,California,Yuba Co. Private land.,780,39.468,-121.238,2023,4,
NHMO,O-DP-7643,Tissue,Ken Marr & Richard H. Hebda,,Dryas,integrifolia,,intg_ODP7643,,,,,,,,,2513689,2505344,1968728,536616,42462,27349,0.005982,0.001651,25106,8875,NA,FALSE,FALSE,intg_ODP7643-CA.BC.Engineer,7643_int_CA-BC,intg_ODP7643,intg_ODP7643,CA.YT.Engineer,intg,ODP7643,,Canada,Yukon Territory,"Yukon Territory, Engineer Creek. 626 m.",,65.363733,-138.311174,7/9/04,2,E7
NHMO,O-DP-7644,Tissue,Ken Marr & Richard H. Hebda,,Dryas,integrifolia,,intg_ODP7644,,,,,,,,,2595486,2586024,1951751,634273,44276,28650,0.006459,0.001631,25892,9211,NA,FALSE,FALSE,intg_ODP7644-CA.BC.Engineer,7644_int_CA-BC,intg_ODP7644,intg_ODP7644,CA.YT.Engineer,intg,ODP7644,,Canada,Yukon Territory,"Yukon Territory, Engineer Creek. 626 m.",,65.363733,-138.311174,7/9/04,2,F7
NHMO,O-DP-43138,Tissue,Mr.X,,Dryas,alaskensis,,alas_ODP43138,alas_Interior,7AIH-ali,AIH,ajas_alan,AIH,7AIH-ali,AIH,AIH,2997523,2984274,2264964,719310,45528,30589,0.006626,0.001732,27977,10338,NA,TRUE,TRUE,alas_ODP43138-CA.YT.Ogilvie,43138_ala_CA-YT,alas_ODP43138,alas_ODP43138,CA.YT.Ogilvie,alas,ODP43138,,Canada,Yukon Territory,"Yukon Territory, Ogilvie Mts C, Dempster Hwy km 91.",,64.633333,-138.366667,,3,F2
BABY,BABY-06724,sheet,B.A. Bennett et al.,08-0042,Dryas,ajanensis,beringensis,ajan_BABY6724,ajan_Interior,7AIH-aji,AIH,ajas_alan,AIH,7AIH-aji,,AIH,3160111,3137422,1681189,1456233,52482,28574,0.005811,0.001775,26483,9804,NA,TRUE,TRUE,ajan_BABY6724-US.AK.YukonCharleyNP,BB6724_aja_US-AK,ajan_BABY6724,ajan_BABY6724,US.AK.YukonCharleyNP,ajan,BABY6724,,United States of America,Alaska,"Yukon-Charley Rivers National Preserve, Twin Mountain",1283,65.06218,-143.57007,24-Jun-08,3,H8
F,F,Tissue,D.M. White,640,Dryas,alaskensis,,alas_DW640,,,,,,,,,3045124,3034045,2171020,863025,45954,28219,0.008151,0.001676,22555,7760,NA,FALSE,FALSE,alas_DW640-US.AK.Inter.Steese,esa10_ala_US-AK,alas_DW640,alas_DW640,US.AK.Inter.Steese,alas,DW640,,United States of America,Alaska,Yukon-Koyukuk Borough. Eagle Summit. On ridge north of parking lot. Sample ESA10.,1148,65.480409,-145.4189702,"Aug. 4, 2019",AK2019,
F,F,Tissue,D.M. White,641,Dryas,alaskensis,,alas_DW641,alas_Interior,7AIH-ali,,ajas_alan,AIH,,,AIH,2854530,2841011,2047817,793194,45772,29411,0.006621,0.001484,27000,9701,NA,TRUE,TRUE,alas_DW641-US.AK.Inter.Steese,esa25_ala_US-AK,alas_DW641,alas_DW641,US.AK.Inter.Steese,alas,DW641,,United States of America,Alaska,Yukon-Koyukuk Borough. Eagle Summit. On ridge north of parking lot. Sample ESA25.,1148,65.480409,-145.4189702,"Aug. 4, 2019",AK2019,
F,F,Tissue,D.M. White,638,Dryas,alaxaja,,hybr_DW638,,,,,,,,,3628144,3609347,2556415,1052932,48735,30019,0.012259,0.001723,21573,7715,NA,FALSE,FALSE,hybr_DW638-US.AK.Inter.Steese,esa03_x_US-AK,hybr_DW638,hybr_DW638,US.AK.Inter.Steese,hybr,DW638,,United States of America,Alaska,Yukon-Koyukuk Borough. Eagle Summit. On ridge north of parking lot. Sample ESA3.,1148,65.480409,-145.4189702,"Aug. 4, 2019",AK2019,
Tissue,None,Tissue,D.M. White,esa36,Dryas,ajanensis,beringensis,ajan_esa36,ajan_Interior,7AIH-aji,,ajas_alan,AIH,,,AIH,2932703,2908240,1736640,1171600,51984,27529,0.006279,0.001409,24821,8863,NA,TRUE,TRUE,ajan_esa36-US.AK.Inter.Steese,esa36_aja_US-AK,ajan_esa36,ajan_esa36,US.AK.Inter.Steese,ajan,esa36,,United States of America,Alaska,Yukon-Koyukuk Borough. Eagle Summit. On ridge north of parking lot. Sample ESA36.,1148,65.480409,-145.4189702,"Aug. 4, 2019",AK2019,
Tissue,None,Tissue,D.M. White,esa56,Dryas,ajanensis,beringensis,ajan_esa56,,,,,,,,,3863957,3839444,2449896,1389548,51334,28937,0.008476,0.001459,22715,7960,NA,FALSE,FALSE,ajan_esa56-US.AK.Inter.Steese,esa56_aja_US-AK,ajan_esa56,ajan_esa56,US.AK.Inter.Steese,ajan,esa56,,United States of America,Alaska,Yukon-Koyukuk Borough. Eagle Summit. On ridge north of parking lot. Sample ESA56.,1148,65.480409,-145.4189702,"Aug. 4, 2019",AK2019,
F,F,Tissue,D.M. White,645,Dryas,alaskensis,,alas_DW645,,,,,,,,,2839306,2825130,2069930,755200,45021,28572,0.006513,0.001447,26200,9272,NA,FALSE,FALSE,alas_DW645-US.AK.Inter.WickDome,wdb01_ala_US-AK,alas_DW645,alas_DW645,US.AK.Inter.WickDome,alas,DW645,,United States of America,Alaska,Yukon-Koyukuk Borough. Wickersham Dome. On south side of radar station. Sample WDB1.,968,65.2173558,-148.0593679,"Aug. 7, 2019",AK2019,
F,F,Tissue,D.M. White,646,Dryas,alaskensis,,alas_DW646,alas_Interior,7AIH-ali,,ajas_alan,AIH,,,AIH,2452206,2440247,1741333,698914,45986,27703,0.00629,0.001563,25220,8757,NA,TRUE,TRUE,alas_DW646-US.AK.Inter.WickDome,wdb02_ala_US-AK,alas_DW646,alas_DW646,US.AK.Inter.WickDome,alas,DW646,,United States of America,Alaska,Yukon-Koyukuk Borough. Wickersham Dome. On south side of radar station. Sample WDB2.,968,65.2173558,-148.0593679,"Aug. 7, 2019",AK2019,
F,F,Tissue,D.M. White,649,Dryas,ajanensis,beringensis,ajan_DW649,,,,,,,,,3677310,3643251,2411776,1231475,49409,29244,0.008994,0.001599,23443,8144,NA,FALSE,FALSE,ajan_DW649-US.AK.Inter.WickDome,wdb21_aja_US-AK,ajan_DW649,ajan_DW649,US.AK.Inter.WickDome,ajan,DW649,,United States of America,Alaska,Yukon-Koyukuk Borough. Wickersham Dome. On west side of radar station. Sample WDB21.,968,65.2173558,-148.0593679,"Aug. 7, 2019",AK2019,
Tissue,None,Tissue,D.M. White,wdb38,Dryas,ajanensis,beringensis,ajan_wdb38,ajan_Interior,7AIH-aji,,ajas_alan,AIH,,,AIH,2363169,2339927,1305679,1034248,51425,27185,0.006696,0.001583,24562,8759,NA,TRUE,TRUE,ajan_wdb38-US.AK.Inter.WickDome,wdb38_aja_US-AK,ajan_wdb38,ajan_wdb38,US.AK.Inter.WickDome,ajan,wdb38,,United States of America,Alaska,Yukon-Koyukuk Borough. Wickersham Dome. On west side of radar station. Sample WDB38.,968,65.2173558,-148.0593679,"Aug. 7, 2019",AK2019,
Tissue,None,Tissue,D.M. White,wdb41,Dryas,alaxaja,,hybr_wdb41,,,,,,,,,3726661,3706047,2680055,1025992,46896,30526,0.009055,0.001586,25150,8833,NA,FALSE,FALSE,hybr_wdb41-US.AK.Inter.WickDome,wdb41_x_US-AK,hybr_wdb41,hybr_wdb41,US.AK.Inter.WickDome,hybr,wdb41,,United States of America,Alaska,Yukon-Koyukuk Borough. Wickersham Dome. On west side of radar station.Sample WDB41.,968,65.2173558,-148.0593679,"Aug. 7, 2019",AK2019,
F,F,Tissue,D.M. White,651,Dryas,alaskensis,,alas_DW651,,,,,,,,,3476194,3460751,2433445,1027306,47203,29138,0.008617,0.001541,23440,8234,NA,FALSE,FALSE,alas_DW651-US.AK.Inter.Steese,tmi06_ala_US-AK,alas_DW651,alas_DW651,US.AK.Inter.Steese,alas,DW651,,United States of America,Alaska,Yukon-Koyukuk County. Twelve Mile Summit. About 200 meters north of Steese Highway. Sample TMI06.,945,65.4029432,-145.9731088,"Aug. 8, 2019",AK2019,
F,F,Tissue,D.M. White,654,Dryas,ajanensis,beringensis,ajan_DW654,,,,,,,,,3870034,3844548,2284382,1560166,53494,28813,0.008468,0.00144,22745,8049,NA,FALSE,FALSE,ajan_DW654-US.AK.Inter.Steese,tmi28_aja_US-AK,ajan_DW654,ajan_DW654,US.AK.Inter.Steese,ajan,DW654,,United States of America,Alaska,Yukon-Koyukuk County. Twelve Mile Summit. About 200 meters north of Steese Highway. Sample TMI28.,945,65.4029432,-145.9731088,"Aug. 8, 2019",AK2019,
F,F,Tissue,D.M. White,655,Dryas,ajanensis,beringensis,ajan_DW655,ajan_Interior,7AIH-aji,,ajas_alan,AIH,,,AIH,2612436,2592311,1613422,978889,50958,27627,0.006209,0.001478,25049,8963,NA,TRUE,TRUE,ajan_DW655-US.AK.Inter.Steese,tmi35_aja_US-AK,ajan_DW655,ajan_DW655,US.AK.Inter.Steese,ajan,DW655,,United States of America,Alaska,Yukon-Koyukuk County. Twelve Mile Summit. About 200 meters north of Steese Highway. Sample TMI35.,945,65.4029432,-145.9731088,"Aug. 8, 2019",AK2019,
F,F,Tissue,D.M. White,653,Dryas,alaskensis,,alas_DW653,,,,,,,,,3779265,3760220,2757747,1002473,47724,29839,0.0086,0.001496,23994,8399,NA,FALSE,FALSE,alas_DW653-US.AK.Inter.Steese,tmi42_ala_US-AK,alas_DW653,alas_DW653,US.AK.Inter.Steese,alas,DW653,,United States of America,Alaska,Yukon-Koyukuk County. Twelve Mile Summit. About 200 meters north of Steese Highway. Sample TMI42.,945,65.4029432,-145.9731088,"Aug. 8, 2019",AK2019,
F,F,Tissue,D.M. White,656,Dryas,alaxaja,,hybr_DW656,,,,,,,,,3826306,3810856,2601662,1209194,49391,28927,0.009337,0.001455,23342,8315,NA,FALSE,FALSE,hybr_DW656-US.AK.Inter.Steese,tmi44_x_US-AK,hybr_DW656,hybr_DW656,US.AK.Inter.Steese,hybr,DW656,,United States of America,Alaska,Yukon-Koyukuk County. Twelve Mile Summit. About 200 meters north of Steese Highway. Sample TMI44.,945,65.4029432,-145.9731088,"Aug. 8, 2019",AK2019,
NHMO,O-DP-7950,DNA extract,Kristian Albert,,Dryas,sp,,octo_ODP7950,,,,,,,,,4411429,4396298,3190464,1205834,47484,30732,0.008592,0.001427,25019,9041,both,FALSE,FALSE,octo_ODP7950-GL.NE.Zackenberg,7950_oct_GL-NE,octo_ODP7950,octo_ODP7950,GL.NE.Zackenberg,sp,ODP7950,,Greenland,NE Greenland,"Zackenberg, South of the landingstrip close to Kjovedammen"" and ""Teltdammen"".""",,74.466667,-20.55,7/18/02,1,F08
NHMO,O-DP-7956,DNA extract,Kristian Albert,,Dryas,sp,,octo_ODP7956,,,,,,,,,4465004,4454066,3317485,1136581,48603,31328,0.009485,0.001624,24566,9036,both,FALSE,FALSE,octo_ODP7956-GL.NE.Zackenberg,7956_oct_GL-NE,octo_ODP7956,octo_ODP7956,GL.NE.Zackenberg,sp,ODP7956,,Greenland,NE Greenland,"Zackenberg, South of the landingstrip close to Kjovedammen"" and ""Teltdammen"".""",,74.466667,-20.55,7/18/02,1,G08